Zwei Männer liegen auf der jeweils gegenüberliegenden Seite im Straßengraben. Beide sind tot. Was ist hier passiert?;Die Männer waren beide bei Nebel im Auto unterwegs. Weil sie nichts sehen konnten, kurbelten sie das Fenster hinunter und streckten die Köpfe nach draußen. Ihre Schädel kollidierten und beide landeten im Straßengraben. ;Zwei Männer;0
Nur 500 Euro verlangte eine Ehefrau für den funkelnagelneuen Porsche Ihres Mannes. Wieso?;Der Mann hatte zuvor Abgase mit einem Schlauch ins Auto geleitet. Seine Frau fand ihn Tage später - und bekam den Verwesungsgeruch nicht mehr aus dem Porsche - so musste sie das Auto billig verkaufen.;Unterpreis;0
Ein Mann macht sich fürs Bett fertig, löscht das Licht aus und schaltet das Licht aus - wenig später sterben viele Menschen deswegen. Was ist hier passiert?;Der Mann war Leuchtturmwärter - das fehlende Licht sorgte dafür, dass Schiffe untergingen.;Dunkelheit;0
Weil sie am Vortag neue Schuhe kaufte, musste sie sterben. Wieso?;Sie war die Assistentin eines Messerwerfers. Die Absätze ihrer neuen Schuhe waren höher und so trafen die Messer sie.;Verhängnisvolles Shoppen;0
Ein nackter Mann liegt tot in der Wüste - neben ihm ist nur ein Streichholz zu finden. Was ist hier passiert?;Der Mann war mit einem Freund über der Wüste in einem Heißluftballon unterwegs. Das Helium wurde knapp und sie drohten abzustürzen. Sie warfen allen möglichen Ballast ab - doch es reichte nicht. Der Mann zog das kürzere Streichholz und musste aus dem Ballon springen.;Heiß;0
Eine Frau wacht morgens auf und bringt sich um. Wieso?;Die Dame hatte eine seltene Knochenkrankheit. Man sollte ihr das linke Bein amputieren. Morgens wachte sie jedoch auf und das rechte Bein fehlte. Sie wollte ein solches Leben nicht führen.;Morgens;0
Ein Mann steigt aus einem großen Fahrzeug und nimmt sich das Leben. Was ist passiert?;Der Mann ist Landwirt und steigt aus seinem Traktor. Seine Kinder haben im Feld Verstecken gespielt und sind unter das Fahrzeug geraten. Der Mann bringt sich vor Schuldgefühlen um.;Kurze Fahrt;0
Eine Frau begegnet auf der Beerdigung ihrer Mutter einem Mann, den sie noch nie zuvor gesehen hat. Wenige Tage später ist ihre Schwester gestorben. Wieso?;Die Frau hat sich auf der Beerdigung unsterblich in den Mann verliebt. Leider hat sie nicht seine Nummer bekommen - und so hat sie ihre Schwester umgebracht - in der Hoffnung ihn auf deren Beerdigung wiederzusehen.;Tödliche Bekantschaft;0
Ein Mann liegt tot in einer Sauna. Neben ihm steht ein Behälter mit Wasser. Was ist hier passiert?;Das perfekte Verbrechen - jemand hat den Mann mit einem spitzen Eiszapfen in der Sauna getötet. Die Tatwaffe hat sich in dem Behälter verflüssigt und so gibt es weder Zeugen noch Fingerabdrücke.;Aufguss;0
20 Musiker eines Orchesters spielen gemeinsam vor Publikum - aber niemand hört zu. Wie ist das möglich?;Die Musiker spielen vor Publikum - aber keine Musikstücke sondern Fußball!;Orchester;0
Die Drei entschieden sich gegen das Gebäude, aber auch das rettete sie nicht;Das einzige Gebäude weit und breit war eine Kirche. Da es außer diesem Gott geweihten Ort keine Möglichkeit gab, sich vor dem tödlichen Tageslicht zu schützen, beschlossen die drei Vampire, der Sonne einmal in ihrem Leben ins Gesicht zu blicken.;Die Flucht;4
Eva war auf dem Weg zum Dorfbrunnen, doch sie kam niemals dort an. Die Dorfbewohner wussten warum.;Eva wurde auf dem Weg zum Dorfbrunnen von der Inquisition gestellt und der Hexerei angeklagt. Zur Prüfung ihrer übernatürlichen Fähigkeiten wurde eine Wasserprobe (Hexenbad) durchgeführt. Die Unglückliche ertrank, die Priester sprachen sie frei und beteten für ihre Seele;Die Dorfbewohner;4
Ein Mörder wurde freigesprochen, obwohl sich seine Fingerabdrücke auf der Tatwaffe befanden.;Der Mörder war ein Magier. Selber in England, schickte er seinen Astralkörper nach Asien, materialisierte ihm bei seinem Erzfeind und tötete diesen mit dessen eigenem Messer. Bei der Rückreise dematerialisierte der Magier versehentlich auch die Tatwaffe, die die Polizei daraufhin bei ihm fand. Vor gericht wurde der Magier trozdem freigesprochen, denn er hatte ein hieb und stichfestes Albi: Er war zur Tatzeit in England und es war unmöglich, in so kurzer Zeit nach Asien und wieder zurück zu gelangen.;Ein unmöglicher Mord;4
Der Kampf nahm ein abruptes Ende.;Die kleine Troll-Kampftruppe zog sich vor Sonnenaufgang mitten im Kampf gegen die Zwerge vom Schlachtfeld zurück und suchte nach einem Unterschlupf. Trolle müssen sich vor der Sonne schützen, um nicht zu versteinern.;Plötzlich Frieden?;4
Vier Männer starben, kurz nachdem sie ihr Ziel erreicht hatten.;Nach langer Suche fanden die vier Forscher bei Ausgrabungen in Ägypten das sagenumwogene Grab. Als sie es überglücklich öffneten, atmeten sie, ohne es zu merken, einen giftige Schimmelpilz ein, der sie qualvoll sterben ließ.;Tödliches Ziel;4
Er wäre noch am Leben, wenn er sich nicht mit dieser Frau eingelassen hätte.;Die Frau war ein Sukkubus. Kurz nachdem der Mann ihrer zauberhaften Schönheit verfallen war, offenbarte die Frau ihre wahre Gestalt und fraß ich auf.;Verhängnisvolles Schönheit;4
Weil eine Frau gerne mit ihrem Haustier spielte, musste sie sterben.;Die Frau kaufte sich einen Waran, ein besonders schönes Exemplar. Was sie nicht wusste war, dass es sich bei dem Reptil um einen Basilisken handelte. Als die Frau ihrem Waran einmal zu lange in die Augen sah, versteinerte sie.;Tierliebe;4
Als sie das Wesen sag, lächelte sie schadenfroh.;Lange hatte die Seherin die Dorfbewohner vor dem Überfall durch einen Drachen gewarnt. Doch die Dorfbewohner verspotteten sie und glaubten ihr nicht. Als der Drache das Dorf überfiel und alle Kinder raubte, lächelte sie schadenfroh.;Das Wesen;4
Er schaffte es nicht, einen Maibaum zu fällen, obwohl er Casina über alles liebte.;Der Pechvogel hatte sich ausgerechnet einen magischen Wald als Abholzgebiet ausgesucht, um Casina, seiner Angebeteten, einen Maibaum zu fällen. Die dort lebenden Baumhirten(Ents), ließen ihn nicht gewähren.;Der Maibaum;4
Merlin genoss es, Arthus zu schlagen.;Merlin und Arthus waren zwei Boxer auf einem Mittelaltermarkt. Zu diesem Zweck hatten sie sich zwei bekannte Namen ausgesucht. Merlin, der sich kurz vor dem Kampf mit Arthus heftig gestritten hatte, war froh, als der Kampf endlich losging und er seiner Wut freien Lauf lassen konnte.;Merlin und Arthus;4
Esther beging eine schwere Straftat nach der anderen. Die polizei war vollkommen ratlos.;Die gute Esther, die nie damit gegeizt hatte, großzügig Wünsche zu erfüllen, hatte sich in einen Menschen verliebt. Dieser Mann arbeitete in einem Gefängnis. Um ihn nah zu sein, ließ sich Esther immer wieder zu Straftaten hinreißen, die sie ins Gefängnis brachten.;Verwirrte Fee;4
Als Sabine ihn tot glaubte, nehm er ihr das Leben, so wie sie es kannte.;Sabine wurde von einem Vampir verfolgt. Em ihn unschädlich zu machen, überraschte sie ihn und rammte ihm einen Holzpflock ins Herz. Da dieser sein Herz auf der falschen, der rechten, Seite trug, führte ihr Einsatz nicht zum Erfolg. So wurde sie sein nächstes Opfer.;Neues Leben;4
Das Geschoss des Dunkelelfen traf ihn. Doch er stand unverletzt auf, drehte sich um und ging.;Der Magierlehrling hatte in seiner Prüfung gegen die Illusion eines Dunkelelfen gekämpft. Den Kampf hatte der Lehrling zwar verloren, aber da das Geschoss lediglich ein Trugbild war, konnte es ihn nicht verletzten.;Elfengeschoss;4
E.T. konnte nicht nach Hause telefonieren. Gertie machte sich bereits Sorgen.;Hätte Eberhardt T. (von seinen Freunden kurz E.T. genannt) seine Handyrechnung bezahl, hätte er Gertie, seine Mutter, anrufen können, die ihn zu Hause erwartete.;Keine Verbindung;4
Obwohl er das Ziel nur mit großer Mühe erreicht hatte, verzichtete er auf die Belohnung.;Er war ein prinz und besiegte einen Drachen, der die Prinzessin des Königreichs gefangen gehalten hatte. Da der Prinz jedoch schwul war, verzichtete er auf die standesgemäße Belohnung - die Vermählung mit der Prinzessin.;Selbstlos;4
Mitten auf dem Feld fand Michael Metallklumpen.;Vor langer Zeit griff ein Drache eine Karavane an. Sein Drachenfeuer schmolz sämtliches Metall, das die Karavane transportiert hatte. Alles andere verbrannte restlos.;Freies Feld;4
Anna umsorgte sue wie kaum ein anderer Mensch. Das kostete Anna das Leben.;Anna lebte alleine mit ihren sieben Katzen in einem kleinen Häuschen. Die Dorfbewohner fanden diese Lebensweise auffällig und klagten Anna der Hexerei an. Die Inquisition verbrannte sie nach grausamer Folter auf dem Scheiterhaufen.;Lebenshaltungskosten;4
Keines der Kinder überlebte die Mutprobe.;Die Kinder hatten die glorreichte Idee, als Mutprobe Eier aus dem Hort eines Drachen zu klauen. Daraufhin wurden die Diebe von dem Drachenweibchen verfolgt und getötet.;Die Mutprobe;4
Obwohl die Frau kein Kind bekommen konnte, war sie schwanger. An den Vater konnte sie sich nicht erinnern.;Die Frau wurde Opfer einer Entführung durch Aliens, die ihr im Operationssaal des Raumschiffs eine Alien-Eizelle eingeplanzt hatten. Zurück auf der Erde konnte sie sich an nichts erinnern. Die Aliens hatten all ihre Erinnerungen an den Aufenthalt in dem Raumschiff gelöscht.;Unglück;4
Der Magier musste sterben, weil er einem Gnom vertraut hatte.;Der etwa schusselige Magier hatte den Fehler begangen, sich seinen Zauberstab von einem Gnom verbessern zu lassen. Aber Erfindungen von Gnomen explodieren immer. So kam es, dass nach dem ersten Test des neuen Zauberstabs nichts weiter als ein Häufchen Asche vom Zauberer übrig blieb.;Fatales Vertrauen;4
Damit hatte niemand gerechnet. Walburga verstab während eines großen Festes.;Walburga, noch ein Baby, war von einem Dämon besessen. Als der Pfarrer sie mit dem Taufwasser weihte, wich der Dämon aus ihrem Körper. Ohne den Dämon war Walburgas Körper nicht lebensfähig.;Das Fest;4
In einem hermetisch abgeriegelten, nebligen Raum lag eine Leiche. Vom Mörder fehlte jede Spur.;Nebel ist eine Erscheinungsform des Vampirs. Dieser schloss sich, nachdem er sein Opfer ausgesaugt hatte, ein, um ungestört ein wenig ruhen zu können. Als die Ermittler die Tür öffneten, entwich der Mörder unbemerkt vom Tatort.;Verriegelt;4
Als er seiner Braut den Ring anstecken wollte, platzte die Hochzeit.;Die Braut schreckte zurück, als der Bräutigam ihr den Ring anstecken wollte, und floh Hals und Kopf aus dem Standesmt. Der sparsame Mann hatte seiner zukünftigen einen Silberring gekauft. Was er nicht wusste - seine Braut war ein Vampir.;Auf der Flucht;4
Als Saruman der Weise weggebracht wurde, war die Trauer groß.;Bei diesem verräterischen Zauberer handelte es sich um eine Statue, die ein kleines neuseeländisches Dorf wärend der Dreharbeiten zu Herr der Ringe aufgestellt hatte. Ein Sammler kaufte der hoch verschuldeten Dorfverwaltung das Unikat für eine erhebliche Summe ab. Die Dorfbewohner trauerten.;Saruman der Weise;4
Nachdem Mirja viel Wein getrunken hatte, weigerte sie sich, die Rechnung zu bezahlen. Sie drohte dem Wirt mit Prügel.;Mirja war eine Untote, die auch nach erheblichem Weinkunsum nichts von dessen selig machender Wirkung spürte. Dafür machte sie den Wirt verantwortlich.;Die Rechnung;4
Es war nicht sein Glückstag. Schon nach ein paar Schluck verging ihm der Durst und er starb.;Der Vampir löschte seinen Blutdurst an einem Mann, der kurz zuvor das Opfer eines Giftanschlags geworden war. So mussten beide sterben.;Echtes Pech;4
Er traf sie mehrfach, doch der Jäger kam diesmal ohne Beute nach Hause.;Der Jäger versuchte, einen Werwolf zu töten, dem die normale Jagdmunition allerdings nichts anhaben konnte. Die Wunden des Verwolfs heilten sofort wieder. So entkam er dem Jäger vollkommen unversehrt.;Jagtunglück;4
Auf der Suche nach einem Toten starb ein Mann unverrichteter Dinge.;Der Mann, ein Okkultist, benötigte zur Durchführung seiner Rituale Körper frisch verstorbener Menschen. Dieses Mal hatte er jedoch einen Fehler begangen und einen Untoten für sein Ritual auserwählt. Der Untote ließ den Okkultisten sein Missfallen spüren.;Die Sucht;4
Sie hatten sich bestens getarnt, aber eine Allergie wurde ihr zum Verhängnis.;Die Assassine hatte den Auftrag, einen Zentauren zu töten. Kurz bevor sie ihren Auftrag ausführen konnte, musste sue niesen und wurde entdeckt. Sie reagierte allergisch auf Pferdehaar.;Gut getarnt;4
Inmitten eines Waldes befand sich die Leiche eines Babys. Sein Gesicht war völlig mit Blut verschiert.;Das (nackte) Baby war ein Werwolf-jungtier, das sich ein zu großes Beutetier ausgesucht hatte. Die schweren Wunden hatten sich während der Verwandlung geschlossen, nur das Blut deutete noch auf einen scheußlichen Kampf hin, den das Jungtier nicht überlebte.;Das Baby;4
Etwas Dunkles löste einen Krieg aus, der viele Opfer forderte.;An der Klinge des ermordeten Königs, der in seinem letzten Kampf einen Ork unterlegen war, haftete schwarzes Blut. Die Menschen zogen daraufhin in den Krieg gegen die Orks und rächten ihren geliebten König.;Das Dunkel;4
Ein Mann jagte Jahre lang einem anderem Mann und erschlug doch eine Frau.;Der Mann verfolgte einen Gestaltenwechsler, der schon viele Menschen umgebracht hatte und sich in der Gestalt eines Mannes zeigte. Als dieser jedoch in Gebiete kam, die er schon besucht hatte, schien es ihm angebracht, seine Erscheinung zu ändern. Der Verfolger, der die Spuren des Gestaltenwechslers gut kannte, kam ihm dennoch auf die Schliche und tötete den vielfachen Mörder.;Irrtum?;4
Otto geriet in Panik: Plötzlich war sein Haus von Fremden bewohnt, die seine Gegenwart hartnäckig ignorierten.;Otto war gestorben und wusste es nur noch nicht. Die vermeintlichen Geister waren Lebende, die nach Ottos Tod in sein Haus gezogen waren - er war der Geist.;Falscher Verdacht;4
Der Teufel zerriss vor Wut brüllend ein leeres Blatt Papier;Lisa hatte ihre Seele dem Teufel verkauft, um als Gegenleistung im Lotto zu gewinnen. Statt mit ihrem Blut hatte sie den Vertrag jedoch mit roter Tinte unterzeichnet, die nach Ausschüttung des Lottogewinns unsichtbar wurde.;Juristischer Teufel;4
Als Midas Wunsch endlich in Erfüllung ging, wusste er noch nicht, dass er darüber nicht lange glücklich sein würde.;Drei Tage, nachdem Midas Wunsch nach ewigem Leben in Erfüllung gegangen war, ging die Welt unter.;Der Wunsch;4
In einem Zimmer lagen schwarze Federn und eine Zeitung auf dem Boden.;Die Zeitung berichtete über die Rettung eines kleinen Jungen. Als Retter wurde ein mutiger Mann genannt, der den Jungen aus dem brennenden Haus befreit hatte. In Wirklich war der Retter ein Todesengel. Ihm wurde durch diese selbstlose Tat vergeben, seine Seele wurde erlöst und er konnte seine schwarzen Flügel ablegen.;Schwarze Federn;4
In einem dicht bewaldeten lieblichen Tal lagen etliche Leichen. Manchen waren vollständig verwest, andere waren erst wenige Tage alt.;In diesem Tag hauste ein Irrlicht, das die Menschen so lange umherführte, bis sie vor Erschöpfung, Hunger und Durst starben.;In lieblichen Tal;4
Van Helsing lag tot neben einem Sarg im Zimmer des Schlosses. Die Vorhänge waren geöffnet.;Graf Dracula hatte ein Serum erfunden, das ihn immun gegen Tageslicht werden ließ. Van Helsing sollte glauben, Dracula sei zu Staub zerfallen, daher plazierte dieser ein Häufchen Asche vor seinem Sarg. Als Van Helsing Draculas vermeintliche Überreste inspizierte, überraschte ihn der Vampir aus dem Hinterhalt.;Ver hängnisvoller Staub;4
In einem Wald lagen weit voneinander entfernt Männer und Frauen. Sie waren tot und mit Wunden übersät.;Die Toten gehörten einer Jagdtruppe an, die versucht hatten, ein Einhorn zu fangen. Das Tier war stärker und klüger als gedacht und tötete jeden einzelnen von ihnen.;Tödlicher Wald;4
Ein Blick in den Garten und der Ermittler wusste, wer der Täter gewesen sein musste.;Im Garten fanden sie unter dem Fenster des Opfers Fußabdrücke im Neuschnee, die auf einen äußerst leichtgewichtigen Täter hindeuteten. Sie waren zu groß für ein Kind, und eine Frau hätte das stämmige Opfer nicht niederringen können. Da im Haushalt des Opfers nur ein Elf arbeitete, war der Täter schnell überführt.;Verräterische Spuren;4
Als Anna in den Spiegel sah, wusste sie, dass sie verloren war.;Anna war der verlockenden Einladung eines geheimnisvollen Mannes auf sein abgelegenes Anwesen gefolgt. Nachdem alle Gäste gegangen waren und die beiden spät in der Nacht alleine tanzten, bemerkte sie, dass der geheimnisvolle Mann in dem Spiegel des Ballsaals nicht zu sehen war. Er war ein Vampir.;Der Blick;4
Hätten sie den Verdächtigen zur richtigen Zeit befreit, wäre er leicht als Spion enttarnt worden.;Der Spion, ein Alb, hielt sich in einer Elfenstadt auf. Bei Tag gleichen sich Alben und Elfen, doch bei Nacht schwärzen sich die Augen der Alben. Hätten sich die Elfen den Verdächtigen bei Nacht vorgenommen, wäre seine Tarnung aufgeflogen.;Der Verdächtige;4
Die Bewohner eines kleinen Dorfes schienen zum Zeitpunkt verstorben zu sein. Keine Leichen zeigte äußere Verletzungen.;Die Bewohner des kleinen Dorfes waren Mitglieder einer Sekte, die Dämonen huldigte. Als das Dorf die geforderten Opfer nicht mehr erbringen wollte, nahmen die Dämonen die Seelen der Dorfbewohner zu sich.;Das kleine Dorf;4
Ein Mann ging zu einem Medium. Bevor er es dür seine Dienste bezahlen konnte, war er tot.;Der Mann war ein Mörder. Der rachedurstige Geist seines Opfers hatte sich des Mediums bemächtigt und tötete den Mörder mit den Händen des Mediums.;Tödliche Trance;4
Karl war tot, die Wunde frisch und der Killer guter Dinge.;Karl war ein Tombie aus dem Reich der Untoten, der von einem Zombiejäger durch Entnahme des Gehirns dem Reich der Toten zugeführt wurde.;Karl;4
Jemand starb, kurz bevor ein anderer den Raum verließ.;Der betrunkene Barbier schnitt einem Zwerg statt der Haare den Bart, seinen größten Schatz, ab. Diesen Fehler musste der Barbier mit dem Leben bezahlen.;Der verlassene Raum;4
Ein Mann erwachte eines Morgens nackt. Kurz darauf wurde er verhaftet.;Der Mann war ein Werwolf und hatte als Wolf schon einige Menschen getötet. Die Tatsache, dass er sich an nichts mehr erinnern konnte, half ihm nicht. Die Ermittler konnten ihm alles nachweisen.;Nackt;4
Ein Mann saß tot auf der Toilette.;Ein Alien hatte sich den Mann als Wirt ausgesucht. Als es lange genug von ihm gezehrt hatte und eigenständig lebensfähig war, verließ es den Körper seines Wirts. Zu diesem Zeitpunkt saß der Mann gerade auf der Toilette. Den großen Blutverlust überlebte er nicht.;Die Toilette;4
Sie stellte einen Rekord nach dem anderen auf.;Die Frau wurde von Aliens entführt, die nach einer Substanz forschten, um die körperliche Leistungsfähigkeit von Menschen extrem zu steigern. Nachdem die Außerirdischen die Frau wieder entlassen hatten, hielt die Wirkung der Substanz an: Die Frau stellte einen olympischen Rekord nach dem nächsten auf. Die Aliens wollten die Menschen in Zukunft als Arbeitstiere einsetzten.;Gut trainiert?;4
Weil ein Telefon klingelte, musste ein ganzes Volk sterben.;Als das telefon klingelte, war der Spieler des Fantasy-Echtzeit-Strategiespiels abgelenkt, so dass ihn sein Gegner ohne Gegenwehr besiegen konnte.;Das Volk;4
Maria saß auf einer Parkbank und las Zeitung. Als sie den Artikel 'Tod auf hoher See' las, wusste sie sofort, wer der Mörder war.;Maria arbeitete in einem Reisebüro. Vor kurzem hatte sie einem Mann zwei Tickets für eine Schiffsreise verkauft, ein Ticket davon nur 'One Way'. Der Name des Opfers, das über Board gegangen war, fiel ihr sofort auf, denn es war der Name, auf den sie auf Wunsch des Mannes das One-Way Ticket ausgestellt hatte.;Die Schlagzeile;2
Als der junge Mann Licht einschaltete, wurde es in der ganzen Stadt hell.;Der Funke des Lichtschalters und die kaputte Gasleitung im Keller sorgten für ein derart explosives Gemisch, dass sich der Himmel über der ganzen Stadt erhellte.;Der Lichtschalter;3
Weil eine Scheibe zersplitterte, starb ein junger Mann;Der junge Mann war Astronaut und flog in einer Umlaufbahn um die Erde. Als die Scheibe seines Raumschiffes von einem Stück weltraumschrott durchbohrt wurde, zersplitterte sie und der Mann - ohne Schutz vor der eisigen Kälte und ohne Sauerstoff - starb.;Scherben;2
Ein Mann starb, weil er Cola trinken wollte.;Der Mann wollte eine Cola-Dose stehlen. Beim Versuch, den Automaten aufzubrechen, stürzt dieser um und erschlug ihn.;Durstlöscher;2
Weil ein Junge immer mehr wollte, musste er sterben.;Der Junge machte in einer Disko Bekanntschaft mit Ecstasy und verschiedene andere Partydrogen. Im Verlauf der Nacht, der durchtanzte, warf er immer mehr Pillen ein. Schließlich brach er vor Erschöpfung zusammen.;Tödliche Gier;2
Ein Mann starb in einer wilden Ballerei, obwohl er nicht erschossen wurde. ;Eine Bande von Ganoven wollte im Wilden Westen eine Bank ausrauben. Allerdings war der Sheriff der Stadt ein gefürchteter Revolverheld und selbst von einer Bande Ganoven nicht zu überwältigen. Da er jeden Morgen zum Barbier ging, kamen die Gangster auf eine Idee. Als der Barbier mit einem scharfen Messer dem Sherrif den Bast rasierte, ballerte die Bande wie wild in den Barbierladen. Vor Schreck schnitt der Barbier dem Sheriff dabei die Kehle durch. ;Die Ballerei;2
Weil ein Blinder ohne Probleme über das Geröll stieg, kam eine Frau mit ihrem Leben davon. ;"In einer zerbombten Stadt tastete sich der Blinde mit einem Brief in der Hand durch die Schuttmassen. Die hilfsbereite Frau bot ihm an, den Brief an seinen Bestimmungsort zu bringen. Als sie sich noch einmal umschaute, sah sie wie der Blinde plötzlich problemlos weglief. Misstrauisch geworden ging sie direkt zur Polizeit, die unter der angegebenen Adresse ein großes Fleischlager fand. Eine Untersuchung ergab, dass es sich um Menschenfleisch handelte. So machte der Inhalt des Briefes plötzlich Sinn:""Hier kommt meine letzte Lieferung"". ";Der Blinde;2
Ein Mann sprang in die Tiefe. Nach wenigen Sekunden war er tot. ;Der Mann war neu auf einer Bohrinsel und wollte ein Bad nehmen. Dazu sprang er ins Meer. Als er erkannte, dass es keine Möglichkeit gab, wieder nach obel zu gelangen, war es zu spät. ;Der Sprung;2
Zwe Männer lagen, beide mit einem Loch im Kopf auf dem Boden. Einer der beiden hielt einen Revolver in der Hand. ;Die beiden Polarforscher befanden sich in einer Höhle in der Antarktis. Sie gerieten darüber in Streit, wer den bahnbrechenden Fung, den sie gerade gemacht hatten, der Öffentlichkeit präsentieren durfte. Schließlich fiel ein Schuss und traf einen der beiden am Kopf. Gleichzeitig löste der Knall einen großen Eiszapfen von der Höhlendecke, der den Schädel des anderen durchbohrte. ;Loch im Kopf;2
Ein Partygast wollte eine müde Party in Schwung bringen. Dies bekam ihm schlecht.;Der Partygast wollte einen zehn cm langen exotischen Fisch aus dem Aquarium des Gastgebers lebendig verschlucken. Als er den Fisch aus dem Wasser nahm, stellte dieser seine Rückenstacheln auf, und der Partygast erstickte an dem in seinem Hals steckenden Fisch.;Tödlicher Partygag;2
Der Traum eines Mannes war es, unter Palmen zu leben. Leider hatte er die Katze vergessen. ;Der Mann hatte eine reiche Mann geheiratet. Von Anfang an plante er, sie eines Tages umzubringen. Er wollte mit ihrem Geld sorglos unter Palmen leben. Als er zur Tat schritt und seine Frau mitsamt ihrer anhänglichen Katze im Keller einbetonierte, schien der Plan aufzugehen. Als die Polizei das Haus genauer untersuchte, miaute die Wand - das zähe Tier hatte überlebt und der Mörder wanderte statt zum Palmenstrand hinter Gitter.;Unter Palmen;2
Ein Mann bezahlte seinen schnellen Aufstieg im Job mit dem Leben.;Der Mann war Berufstaucher und unersuchte in großer Tiefe eine illegale Abwasser-Einleitung eines bekannten Chemiewerkes. Als er plötzlich Angst bekam, die Gifte könnten ihm gefähflich werden, geriet er in Panik, stieg zu schnell auf und starb an der Taucherkrankheit. ;Der Aufstieg;2
Punkt zwölf ging eine Tür auf und ein lauter Schrei war zu hören. Jemand kam auf unnatürliche Weise ums Leben.;Ein ungebildeter Vampir war im Schlafwagen mit abgedunkelten Scheben in der Nähe des Polarkreises gereist. Als er sich um Mitternacht ein blutjunges und wohlschmeckendes Opfer suchen wollte, verendere er elendig im Licht der Mitternachtssonne.;Bildungsmangel;2
Weil ein Mann etwas nicht notierte, starb ein anderer. ;Der Mann war betrunken am Steuer von einem Polizisten aufgegriffen worden. Soät in der Nacht sperrte der Polizist ihn in eine abgelegene Zelle, vergaß aber, diesen Vorgang zu notieren. Da der Polizist am nächsten Morgen in den Urlaub fuhr, fiel sein Fehlen erst auf, als zehn Tage später eine Vermisstenanzeige bei der Polizei einging und sein ein Kollege an den betrunkenen Mann erinnerte. Für den Inhaftierten kam jede Rettung zu spät. ;Notizen;2
Fast alle Gäste, die an diesem Abend im nahe gelegenen Restaurant das Viergängemenü zu sich genommen hatten, mussten sich später übergeben. ;Die Gesellschaft befand sich auf einem Schiff. Als kurz nach dem Abendessen der Seegang immer stärker wurde, übergaben sich die Passagoere reihenweise.;Das Menü;2
Auf einem toten Mann lagen ein Käfer und eine Reparaturanleitung;Der Mann versuchte mithilfe der Reparaturanleitung seinen VW Käfer wieder zum Laufen zu bringen. Die Steine, auf die der Wagen aufgebockt war, rutschten zur Seite und so überrolte der Wagen den Mann. ;Der Käfer;2
Als eine junge Frau ihren lange vermissten Onkel endlich wieder sag, war sie geschockt.;Die junge Frau war Medizinstudentin und sollte sich im Präparierkurs mit der Anatomie des Menschen vertraut machen. Als sie ihren toten Onkel vor sich liegen sah, war sie völlig geschockt. So hatte sie sich das lang ersehnte Wiedersehen nicht vorgestellt. ;Wiedersehen;2
Eine Katze starb, weil eine ältere Dame ihr Gutes tun wollte. ;Die Katze war in die Badewanne gefallen und vollkommen nass. Die ältere Dame wollte ihr helfen und steckte sie zum Trocknen in den Mikrowellenherd. ;Die Katze;2
Obwohl Ulrike kein Wort gesagt hatte, konnte sie nach einem Telefonat endlich einschlafen.;Ulrikes Hotelnachbar schnarchte so laut, dass sie sich genötigt sah, ihn mitten in der Nacht zu wecken. Sie rief ihn an und nachdem er, vom Klingeln aus dem Schlaf gerissen, ans Telefon ging, konnte sie ungestört einschlafen.;Der Anruf;2
Ein Mann saß in einem Boot. Neben ihm lag ein zweiter, toter Mann. Beide waren nicht besonders schlau. ;Die beiden Männer waren zum Elektrofischen mit dem Boot auf einen See hinausgefahren. Einer der beiden pinkelte in dem Moment ins Wasser, als der andere gerade angelte und dazu einen Stromstoß einsetzte. ;Dumm gelaufen;2
Ein Mann hatte keine gesundhaitlichen Probleme. Dennoch verendete er eines Tages zusehends.;Der Mann war ein Schneemann in der Frühlingssonne. ;Langsamer Tod;2
Ein dramatischer Konflikt löschte ein Viertel der Menschheit aus. ;Als Kain Abel erschlug, ist ein viertel der Menschheit gestorben. Die beiden waren die einzigen Kinder von Adam und Eva.;Das Drama;2
Bei einer wilden Verfolgungsjagd fuhr ein Mann zwischen einem Polizeiauto und der Feuerwehr. Plötzlich nach die Jagd ein jähes Ende.;Der Mann saß in einem Kinderkarussell zwischen seinen Kindern.;Die Verfolgungsjagd;2
Inmitten eines kleinen Wäldchens hing tiefgefroren eine junge Frau. ;Die junge Frau war eine Paragleiterin. An diesem Tag war sie in ein Unwetter geraten. Die Thermik war plötzlich so stark, dass sie von einer zwanzig Kilometer hohen gewitterwolke wie ein Staubkorn aufgesaugt und schließlich wieder ausgespuck wurde. ;Tiefgefroren;2
Zwei Männern gelang er nicht, ihr Diebesgut von der Baustelle abzutransportieren. ;Die beiden Männer hatten nicht bedacht, dass das teure Kipferkabel, das sie stehlen wollten, bereits unter Strom stehen können. Als sie es anfassten, war es schon zu spät - es handelte sich um ein Starkstromkabel. ;Der Transport;2
Ein Wunder war geschehen. Das tote Kaninchen der Familie Wilhelm war plötzlich wieder da;Familie Wilhelm hatte vor zwei Tagen ihr verstorbenes Kaninchen im Garten vergraben. Am nächsten Tag buddelte der Nachbarshund das tote Tier aus und brachte es seinem Herrchen. Das Herrchen dachte natürlich gleich, sein Hund hätte das arme Kaninchen getötet. Um das Missgeschick zu vertuschen, entschloss sich der Nachbar also, das tote Tier zu reinigen und es unbemerkt wieder in seinen Stall zurückzulegen.;Die Auferstehung;2
Als die Polizei am Tatort einen Kassettenrekorder einschaltete, war klar, dass ein Mann ermordet worden war.;Der Mann hielt einen Revolver in der Hand und auf den ersten Blick sah alles nach Selbstmord aus. Als aber die Polizei den Kassettenrekorder einschaltete und einen Abschiedsgruß von einem Schuss gefolgt hörte, war klar, dass jemand die Kassettte an die entsprechende Stelle zurückgespulte haben musste - also war es kein Selbstmord.;Der Kassettenrekorder;2
Eine Frau drückte auf einen Knopf. Daraufhin kam jemand grausam ums Leben.;Während einer Zirkusvorführung bat der Schwertschlucker eine Frau aus dem Publikum, den Regenschirm, den er gleich verschlucken würde, wieder aus seinem Hals herrauszuziehen. Mit dieser neuen Nummer wollte der Schwertschlucker berühmt werden. Bei dem Versuch den Regenschirm herrauszuziehen, drückte die Frau jedoch aus Versehen den Knopf, der den Regenschirm öffnete. Der Schwertschlucker erstickte grausam.;Tod auf Knopfdruck;2
Ein Klingeln wurde einem Mann zum Verhängnis.;Der Mann, ein Polizist, war mit einer Sondereinheit unterwegs, um ein illegales waffenlager zu stürmen. Als während des Einsatztes plötzlich sein handy klingelte, war das Überraschungsmoment nicht mehr auf seiner Seite. Das Handy-Klingeln machte den Polizisten zu einem einfachen Ziel.;Das Verängnis;2
Als ihn eine Hand berührte, erschrak ein Mann so sehr, dass er ein Herzinfarkt bekam.;Der Mann hatte viele Jahre als Leichenwagenfahrergearbeitet. Weil die Firma, in der er arbeitete, pleite ging, fing er an, als Taxifahrer sein Geld zu verdienen. Als ihm sein erster Fahrgast, der die ganze Fahrt über geschwiegen hatte, plötzlich die Hand auf die Schulter legte und ih bat anzuhalten, blieb dem Fahrer vor Schreck das Herz stehen.;Der Herzinfarkt;2
Als ein Mann seinen blutendenFinger kurz ins Wasser hielt, war von der Schnittwunde nichts mehr zu sehen.;Der Mann hatte sich im Urwald an einer ihm unbekannten Pflanze geschnitten. Als er den blutenden Finger zur Kühlung in einen nahen Fluss hielt, fraßen die darin lebenden Piranhas das ganze Fleisch von den Knochen - von dem ursprünglichen Schnitt war nichts mehr zu sehen.;Heilsames Wasser;2
Wegen eines zu hohen Cholesterinspiegels wurde ein grausamer Mord aufgeklärt.;Eine Frau tötete ihren Mann, weil er sie mit einer anderen Frau betrogen hatte. Um den Mord zu vertuschen, verfütterte die Frau ihn an die Piranhas, die ihr Mann in einem Aquarium hielt. Weil ein Nachbar einen Verdacht äußerte, untersuchte die Polizei schließlich die Fische. Der zu hohe Cholesterinspiegell, der den Mann schon lange plagte und bei den Fischen nachgewiesen wurde, überführte die Frau.;Cholesterin;2
Eine Frau starb bei bester Gesundheit.;Bei einer Routine-Untersuchung im Krankenhaus wurde bei der Frau HIV diagnostiziert. Um nicht leiden zu müssen beauftragte sie einen Killer, sie möglichst schnell zu töten. Beim nächsten Untersuchstermin erfuhr sie dann aber, dass ihre Blutprobe verwechselte worden war. Sie war völlig Gesund. Zu spät, denn der Killer wartete bereits vor dem Krankenhaus und erfüllte seinen Auftrag.;Gesundheit;2
Als eine Frau eine Tür öffnete, wusste sie sofort, wer ihren Mann getötet hatte.;Mitte des 18. Jahrhunderts gab es in jeder Stadt einen Henker. Als die Frau, die zu dieser Zeit lebte, zum ersten Mal bei ihrer neuen Bekanntschaft zu Hause war, entdeckte sie hinter einer Schranktür dessen Henkerkaputze. Genau diese Kaputze hatte auch der Henker getragen, der im Jahr zuvor ihren Mann hingerichtet hatte.;Die Tür;2
Ein Mann war fassungslos, die Pickel waren schlimmer als er dachte.;Ein Mann hatte in Afrika Urlaub gemacht und war dort mehrmals gestochen worden. Zu Hause entwickelten sich an den Einstichen riesige Pickel, die er mit allerlei Cremes behandelte. Als er eines Morgens vor dem Spiegel stand und an ihnen herumdrückte, entschlüpften den Pickeln kleine Maden.;Pickel;2
Eva kam nur knapp mit einem blauen Auge und einem herausgeschlagenen Zahn davon, weil sie sich mit ihrem Mann versöhnte hatte.;Wegen eines heftigen Streits mit ihrem Mann bestand Eva darauf, das startklare Flugzeug sofort zu verlassen. Es dauerte eine Weile, bis das Bodenpersonal ihr Gepäck fand und es ihr aushändigte. Durch diese Verzögerung verspätete sich deer Abflug der Maschine so sehr, dass die Piloten für den Tag keine Starterlaubnis mehr erhilten. Da alle umliegenden Hotels ausgebucht waren, mussten die Passagiere in der Flughalle nächtigen. Als diese am nächsten Tag dann gerade auf dem Weg zum Flugzeug waren, tauchte Eva auf und bestand darauf, nun doch mitzufliegen. Sie hatte sich mit ihrem Mann versöhnt. Da strürzten sich die wütenden Passagiere auf Eva.;Versöhnung;2
David mustte sterben, weil er klüger wurde.;David wurde in Virginia(USA) wegen Mordes zum Tode verurteilt. Zunächst konnte er nicht hingerichtet werden, da sein IQ nur 59 betrug. Im Laufe seiner langjährigen Haftstrafe stieg sein IQ allerdings auf über 70 und das Urteil wurde vollstreckt. Die Psychologen führten das auf Davids Kontakt zu seinen Rechtsanwälten zurück.;Tödlich klug;2
Anja ging schwimmen, höhrte ein Geräusch und ertrank.;Anja war eine blinde Schwimmerin, die jeden Abend in einem großen See zwanzig Minuten lang schwamm. Um wieder zurück zu finden, stellte sie einen Wecker an Land auf, der ihr nach zehn Minuten den Weg zum Ufer wies. Eines Abends fuhr in einiger Entfernung ein Boot vorbei. An Bord hatte jemand den gleichen Wecker, den Anja zur Orientierung benutzte. Als er klingelte, folgte sie dem Schiff, schwamm immer weiter hinaus, hatte schon bald keine Kraft mehr und ertrank schließlich.;Die Schwimmerin;2
Als eine Frau nach einer Panne bei einem Bauern für eine Nacht Unterschlupf suchte, wäre es beinahe um sie geschehen gewesen.;Die Frau, eine Schwarze, suchte für eine Nacht Unterschlupf, da sie auf einem endlosen Highway in den USA eine Panne mit ihrem Auto hatte und an diesem Abend sicher nicht mehr weiter kam. Als sie zu Bett gehen wollte, öffnete sich zufällig eine Schranktür. Die Frau erschrak furchtbar, denn dort hing eine weiße Ku-Klux-Klan-Kutte. Die Frau flüchtete sofort durch das Fenster.;Die Panne;2
Das Publikum klaschte, obwohl ein Mann sterben mustte.;Der Mann, ein Gittarist, starb während seines Gitarrensolos. Durch die Saiten seiner Gitarre floss plötzlich tödlicher Strom. Das Publikum hielt seine Zuckungen für eine abgefahrene Show und klaschte zunächst.;Beifall;2
Weil ein mann morgens seinen chef anrief, um ihn etwas mitzuteieln, wurde er entlassen.;Der Mann war Nachtwächter. Er hatte geträumt, dass sein Chef am Morgen bei einem Autounfall ums Leben kommen würde. Sein Chef fuhr daraufhin mit dem Fahrrad und schickte seinen chauffeur mit dem Auto voraus. Es kam tatsächlich zu einem Autounfall, bei dem der Chauffeur ums Leben kam. Der Chef feuerte daraufhin den Nachtwächter, da dieser nachts geschlafen hatte.;Der grausame Chef;2
Ein älterer Herr bezahlte einen Kleinwagen, den er gar nicht kaufen wollte.;Der ältere, gut situierte Herr hatte versucht, seinen dicken Mercedes einzupacken, als ein junger Mann in einem Kleinwagen ihm den Parkplatz vor der Nase wegschnappte. Der junge Mann kommentierte: Jung und schnell muss man sein.  Der ältere Herr überlegte nicht lange, legte den Rückwärtsgang ein und fuhr mehrfach in den Kleinwagen, bis dieser schrottreif war. Dies kommentierte er mit: Reich muss man sein. und bezahlte dem jungen Mann den angericheteten Schaden in bar auf die Hand.;Paradox;2
Eine Frau fand 500 Euro in einem Buch und brachte sich aus Verzweiflung um.;Die Frau, eine Schriftstellerin, hatte ein Jahr zuvor ihr erstes Buch veröffentlicht und stiftete es der Stadtbibliothek. Sie legte dem ersten Leser 500 Euro Erstleserprämie hinein. Ein Jahr später nahm sie das Buch aus dem Regal und fand ihr Geld darin. Ihr wurde klar, dass sich niemand für ihr Buch interessiert hatte, und sie nahm aus Verzweiflung darüber eine Überdosis Schlaftabletten.;Viel Geld;2
Eine Frau kam ums Leben, weil sie nachts zum telefonhörer greifen wollte.;Die Frau lag völlig betrunken in ihrem Bett, als sie zu später Stunde einen Anruf erhielt. Bei dem Versuch den Telefonhörer abzuheben, griff sie aus Versehen nach dem Revolver, der direkt neben dem Telefon auf dem Tisch lag. Ein Schuss löste sich und traf sie tödlich.;Der Telefonhörer;2
Ein Mann nahm eine Abkürzung und starb.;Der betrunkene Mann wollte seinen Heimweg über den Friedhof abkürzen. Im Regen übersah er ein frisch ausgehobenes Grab und fiel hinein. Plözlich hörte er eine Stimme: Hier kommst du nicht mehr lebendig raus! Vor Schreck bekam er einen Herzschlag. Kurz zuvor war schon ein Mann in das selbe tiefe Grab gefallen, der ebenfalls vergeblich versucht hatte, sich zu befreien.;Die Abkürzung;2
Eine Frau ging in ein Kaufhaus. Kurze Zeit später wurde ihre Wohnung komplett ausgeräumt.;Die Frau war insgesamt zweimal in diesem Tag im Kaufhaus. Beim ersten Besuch musste sie während ihres Einkaufs auf die Toilette. Nachdem sie sich gerade ausgezogen hatte, stahl man ihr die Handtasche durch den Spalt unter der Toilettentür. Zurück in ihrer Wohnung bekam sie einen Anruf aus dem Kaufhuas, ihre Tasche wäre mitsamt Inhalt gefunden worden. Leider stimmte das nicht, denn als sie im Kaufhaus nachfragte, wusste man von nichts. Wieder zu Hause angekommen, stellte sie fest, dass ihre Wohnung komplett ausgeräumt war - ganze Arbeit!;Das Kaufhaus;2
Weil ein Mann kaute, wurde eine ältere Dame bestraft.;Der dunkelhäutige Mann nahm in der Straßenbahn gegenüber der älteren Dame Platz. Diese beschimpfte ihn während der ganzen Fahrt lautstark als stinkenden Ausländer. Der Mann blieb völlig ruhig. Kurz bevor ein Kontrolleur zu der älteren Dame kam, entriss der dunkelhäutige Mann ihr den Fahrschein, steckte ihn in den Mund, kaute und verschluckte ihn. Da keiner der anderen Mitfahrer ihre absurde Geschichte bestätigen wollte, musste sie 60 Euro wegen Schwarzfahrens bezahlen.;Die ältere Dame;2
Als eine Frau mit einem Fahrstuhl nach oben fahren wollte, wusste sie, dass ihr Mann tot war.;Da im Krankenhaus nichts mehr für den Mann getan werden konnte, wurde er nach Hause verlegt und dort von einer Lungenmaschine beatmet. Als seine Frau mittags heimkam und der Fahrstuhl streikte, ahnte sie, dass der Strom ausgefallen sein musste. Aer auch eine Lungenmaschine funktioniert nicht ohne Strom.;Der Fahrstuhl;2
Eine Frau versuchte ihren Mann ins Meer zu stürzen, doch der Versuch misslang.;Er war der Wunsch des Mannes, dass seine Frau nach seinem Tod seine Asche dem Meer übergibt. Als die Frau die Urne auskippte, kam eine Böe und blies die Überreste des Mannes auf das Boot.;Das Meer;3
Aus einer Lichtung im Wald lagen fünfzehn tote Männer.;Die Männer feierten ein Fest. Dabei tranken sie so viel Bier, dass sie tief und fest schliefen, als sich ihr Lagerfeuer schnell ausbreitete.;Die Lichtung;3
Eine Frau lag tot auf dem Boden. Ihre Kleider waren zerrissen, neben ihr lag ein Stock.;Die Frau war Jockey und war kurz nach dem Start aus dem Sattel ihres Pferdes gefallen. Da sie zu diesem Zeitpunkt in Führung lag, wurde sie von den Verfolgern zu Tode getrampelt. Ihre Reitpeitsche lag neben ihr.;Zerrissene Kleider;3
Das Fenster satnd offen und einige betrunkene Leute schauen auf eine Leiche, während im Hintergrund Musik zu hören ist.;Die Leiche war der Anführer einer Polonese gewesen. Nachdem die Gesellschaft schon einiges intus hatte, wollte er sich einen Spaß erlauben und sie durch Fenster auf die anliegende Garage führen. Leider verwechselte er aufgrund seines Alkoholkonsums das Fenster und stürzte vier Stockwerke in die Tiefe.;Das Fenster;3
Zwei Männer stiegen in ein Schlauchboot. Nach kurzer Fahrt war ihr Boot zerfetzt und beide starben.;Die beiden Männer waren Wilderer und wollten mehrere Hirschgeweihe über einen schnell fließenden Fluss aus dem Nationalpark schaffen. Durch die heftigen Bewegungen an der ersten Stromschnelle schlitzten die Geweihe das Schlauchboot auf. Die beiden völlig überraschten Männer ertranken in den reißenden Fluten.;Gefährliches Rafting;3
Sibylle musste mit ihrem Leben dafür bezahlen, dass sie ihrem Mann half.;Mitten in der Nacht bemerkte Sibylle, dass ein Fuchs im Garten ihres Hauses herumstöberte. Sie bat ihren Mann, der einen Jagdschein und eine Flinte besaß, den Fuchs zu erlegen. Dazu trieb sie desen in eine Ecke des Grundstücks. Als ihr Mann schließlich schoss, traf er nicht den Fuchs, sondern seine Frau.;Tödliche Hilfe;3
Weil ein Mann einem anderen um Feuer bat, starb eine Frau.;Auf dem Weg zu einer Übung mit scharfer Munition fuhr ein Panzer durch ein kleines Dorf. Der Richtschütze war auf dem langen Weg dorthin eingeschlafen. Als der Kommandant eine Zigarette rauchen wollte, rüttelte er den Richtschützen wach und brüllte: FEUER bitte! Daraufhin feuerte der Richtschütze eine Salve ab und traf eine Frau, die sich gerade in Schussweite befand.;Das Feuer;3
Mario bekam einen begehrten Preis dafür, dass er viele Menschen sterben ließ.;Mario war Autor und schrieb Kriminalromane. In seinem ersten Werk ließ er seinen Protagonisten über 100 Morde begehen, bevor das Verbrechen aufgedeckt wurde. Dafür bekam er einen begehrten Buchpreis.;Der Tod;3
Ein Mann tötete seine Frau, ging ins Haus und tötete auch sich.;Das Ehepaar besuchte anlässlich des 50. Geburtstags des Mannes gemeinsam ein Restaurant. Während des Essens herrschte eisige Stille zwischen den beiden, woraufhin der Mann beschloss, seine Frau noch an diesem Tag zu töten. Auf der Fahrt nach Hause erschoss er sie. Als er sie ins Haus trug und einige Freunde, die seine Frau heimlich eingeladen hatte, ihn überraschten, drehte er sofort um und erschoss sich ebenfalls.;Selbstmord;3
Auf der Beerdigung würdigte Andreas den Mut seines Bruders.;Andreas spielte mit seinem Bruder Hasenfuß. Dazu nahmen die beiden zwei große Feuerwerkskörper und steckten sie sich in den Mund. Derjenige von ihnen, der den Feuerwerkskörper als Erstes ausspuckte, war der Hasenfuß. Andreas Bruder war mutig, der Feuerwerkskörper explodierte, bevor er ihn ausspuckte.;Mutige;3
Der Apotheker durchkreuzte den Plan der Frau mit einer Lüge.;Als der Apotheker Verdacht schöpfte, dass die Frau bei ihm Gift kaufte, um ihren Mann zu töten, bot er ihr eine Tasse Kaffe an. Nachdem sie ihn getrunken hatte, gab der Apotheker vor, dass der Kaffe vergiftet sie und dass er ihr das Gegengift nur geben würde, wenn sie ihm schriftlich bestätigte, dass sie plane, ihren Mann zu töten. In diesem Fall würde er ihr Geständnis der Polizei übergeben.;Der Apotheker;3
Raöf wurde von einem Unbekannten in bester Absicht ein Arm gebrochen.;Während einer Wanderung spürte Ralf plötzlich einen Stein im Schuh. Um ihn loszuwerden, stürzte er sich an einem Pfahl eines elektrischen Weidezauns ab und schüttelte heftig sein Bein. Der unbekannte Wanderer, der Ralf von weitem sah, glaubte, dass Ralf am elektrischen Zaun hing und eilte schnell zu Hilfe. Mit einem dícken Ast schlug er auf Ralfs Arm - bis dieser den Pfahl losließ.;Beste Absichten;3
Eine Frau erschoss ihren Geliebten, doch als er tot umfiel, war sie vollkommen bestürtzt.;Die Frau war Schauspielerin und erschoss <<ihren Geliebten>>, wie schon tausendmal in dieser Szene. Der eifersüchtige Requisiteur, der Mann der Schauspielerin, hatte die Pistole statt mit Platzpatronen mit echter Munition geladen. Er war hinter das Vehältnis der beiden gekommen.;Der Schuss;3
Ein Mann war mit seinem Wagen unterwegs zu einem Geschäftsessen. Nachdem er fünf Minuten Radio gehört hatte, beschloss er, seine Frau zu erschießen.;Der Mann schaltete das Autoradio ein und hörte eine Sendung, bei der zufällig Leute angerufen wurden und einen großen Preis gewinnen konnten. Die Telefonnummer, die vom Sender gerade angewählt worden war, war seine eigen. Er erwartete, die Stimme seiner Frau zu hören. Als sich ein Mann meldete, wurde er rasend vor Wut.;Das Geschäftessen;3
