Ich habe noch nie mehr als 42 Stunden ohne Schlaf verbracht.;0
Ich habe noch nie so viel getrunken, dass ich den Weg nach Hause nicht mehr gefunden habe.;1
Ich habe noch nie den Namen eines Anderen während dem Geschlechtsverkehr ausgesprochen.;1
Ich habe noch nie meinen Kopf kahl geschoren.;0
Ich habe noch nie Hilfsmittel bei der Selbstbefriedigung eingesetzt.;2
Ich habe noch nie jemanden geküsst und es danach bereut.;1
Ich habe noch nie den Wunsch gehabt, in eine andere Stadt zu ziehen.;0
Ich habe noch nie versucht, das Passwort eines Anderen zu erraten.;0
Ich habe noch nie erotische Fotos von mir schießen lassen.;2
Ich habe noch nie einen Strafzettel bekommen.;0
Ich habe noch nie etwas geklaut.;0
Ich habe noch nie auf der Arbeit im Lagerraum/Abstellraum rumgemacht.;1
Ich habe noch nie so ein gutes Verhältnis zu meinem Partner/Partnerin gehabt, dass ich die Badezimmertüre offen gelassen habe.;1
Ich habe noch nie jemandem das Leben gerettet.;0
Ich habe noch nie gekifft.;0
Ich habe noch nie härtere Drogen konsumiert.;0
Ich habe noch nie mein Flugzeug verpasst;0
Ich habe noch nie so heftig gelacht, dass ich pinkeln musste.;0
Ich habe noch nie meinen Eltern die Frage beantworten müssen, ob ich noch Jungfrau bin.;1
Ich habe noch nie beim Sex an eine andere Person gedacht.;1
Ich habe noch nie mit jemandem geschlafen an dessen Namen ich mich nicht erinnern konnte;1
Ich habe noch nie den Geburtstag eines Familienangehörigen vergessen;0
Ich habe noch nie jemanden entjungfert;2
Ich habe noch nie Fingernägel gekaut.;0
Ich habe noch nie in der Öffentlichkeit in die Hose gepinkelt.;0
Ich habe noch nie jemanden zufällig nackt gesehen den ich nicht nackt hätte sehen sollen;1
Ich habe noch nie im Vollrausch vergessen, wo ich wohne.;0
Ich habe noch nie eine Beziehung mit zwei Leuten gleichzeitig gehabt;1
Ich habe noch nie eine Beziehung mit zwei Leuten aus der selben Familie gehabt;1
Ich habe noch nie nach dem Feiern ein Blackout gehabt und erinnere mich teilweise an garnichts mehr.;0
Ich habe noch nie eine Verabredung angenommen nur um einen Freund/eine Freundin der Person kennen zu lernen;0
Ich habe noch nie meine Eltern beim Sex erwischt.;1
Ich habe noch nie eine Affäre mit einer verheirateten Person gehabt;1
Ich habe noch nie erotische Träume/Phantasien mit jemandem gehabt, den ich eigentlich nicht mag.;2
Ich habe noch nie mit insgesamt mehr als 15 Leuten in meinem Leben geschlafen;2
Ich habe noch nie so viel Angst bei einem Horrorfilm gehabt, dass ich laut geschrien habe.;0
Ich habe noch nie Sex in einem Aufzug gehabt;2
Ich habe noch nie in die Dusche gepinkelt;1
Ich habe noch nie einem anderen Autofahrer den Stinkefinger gezeigt;0
Ich habe noch nie Geld gefunden und es einfach behalten;0
Ich habe noch nie zu meinem Exfreund/Exfreundin gesagt: Lass uns Freunde bleiben.;0
Ich habe noch nie jemanden nach seiner Telefonnummer gefragt und danach nie angerufen;0
Ich habe noch nie jemandem die Füße geküsst;1
Ich habe noch nie einen Prominenten persönlich getroffen;0
Ich habe noch nie eine Schwarzfahrt in Kauf genommen, statt mir ein Ticket zu kaufen.;0
Ich habe noch nie eine Zigarre geraucht.;0
Ich habe noch nie schlafgewandelt.;0
Ich habe noch nie so viel getrunken dass ich am nächsten Tag um 13 Uhr immernoch betrunken war.;0
Ich habe noch nie einen Fallschirmsprung gemacht.;0
Ich habe noch nie vor 13 Uhr so viel getrunken dass ich sturz besoffen war.;0
Ich habe noch nie Sex im Bett meiner Eltern gehabt;1
Ich habe noch nie ein Auto gefahren mit dem ich nicht hätte fahren dürfen;0
Ich habe noch nie einem Freund/einer Freundin geraten, mit dem Partner/Partnerin Schluss zu machen.;0
Ich habe noch nie einen Partner betrogen (auch Küssen);1
Ich habe noch nie den Notruf gewählt;0
Ich habe noch nie eine ganze Chilischote gegessen.;0
Ich habe noch nie einen Freund/eine Freundin meines Partners abgrundtief gehasst.;0
Ich habe noch nie Kondome mit Geschmack benutzt.;2
Ich habe noch nie etwas anderes als Klopapier benutzt;0
Ich habe noch nie einem Ex-Partner bei der Trennung unangebrachte Beleidigungen an den Kopf geworfen;0
Ich habe noch nie vor der Polizei fliehen müssen.;0
Ich habe noch nie außerhalb von meinem eigenen Zuhause nackt gebadet.;1
Ich habe noch nie einen Wettbewerb gewonnen;0
Ich habe noch nie mehr als eine Woche im Krankenhaus verbracht;0
Ich habe noch nie etwas das mit Sex zu tun hat im Internet gesucht;1
Ich habe noch nie Kängurufleisch gegessen.;0
Ich habe noch nie ein Kleidungsstück gekauft, getragen und am nächsten Tag zurück gebracht;0
Ich habe noch nie eine Zahnspange getragen;0
Ich habe noch nie einen besonderen Menschen verloren.;0
Ich habe noch nie in einem Kinofilm geschlafen;0
Ich habe noch nie meinen Chef angeschrien.;0
Ich habe noch nie das Herz eines Anderen gebrochen.;0
Ich habe noch nie die Schule geschwänzt.;0
Ich habe noch nie alleine zuhause so viel getrunken dass ich sturz betrunken war;0
Ich habe noch nie Strippoker gespielt.;2
Ich habe noch nie jemanden vom gleichen Geschlecht attraktiv gefunden.;1
Ich habe noch nie gesagt ich sei Single obwohl ich in einer Beziehung war;1
Ich habe noch nie einen Autounfall mit mehr als 200€ Schaden gehabt;0
Ich habe noch nie ein Kondom beim Überstreifen kaputt gemacht.;2
Ich habe noch nie drei Abende hintereinander einen Vollrausch;0
Ich habe noch nie einen Porno geschaut.;2
Ich habe noch nie heimlich meine Nachbarn beobachtet;0
Ich habe noch nie einen Porno gedreht.;2
Ich habe noch nie mein Alter verleugnet nur um jemanden näher kennen zu lernen;0
Ich habe noch nie wegen eines Katers die Schule / den Job geschwänzt;0
Ich habe noch nie zwei Personen gleichzeitig gedated weil ich mich nicht entscheiden konnte;1
Ich habe noch nie im Beisein meines Partners geweint;0
Ich habe noch nie mit einem fremden Auto einen Unfall gebaut;0
Ich habe noch nie mit jemandem geschlafen den ich nicht kannte;1
Ich habe noch nie ein Auge auf die Eltern eines Freundes geworfen.;1
Ich habe noch nie den Wunsch gehabt, unsichtbar zu sein.;0
Ich habe noch nie Sex gehabt während andere Personen im Raum waren;2
Ich habe noch nie in einem Raum geschlafen in dem andere Leute Sex hatten;1
Ich habe noch nie meine Eltern gefragt wo ich genau gezeugt wurde;1
Ich habe noch nie draußen im Gras geschlafen, weil ich so betrunken war.;0
Ich habe noch nie eine erotische SMS / eMail / Nachricht versendet;1
Ich habe noch nie auf eine andere Person gekotzt.;0
Ich habe noch nie das Geheimnis eines anderen ausgeplaudert (versehentlich oder absichtlich);0
Ich habe noch nie den Wunsch gehabt, ein Mann/eine Frau zu sein.;1
Ich habe noch nie einen Korb erhalten wenn ich mit jemandem ausgehen wollte;0
Ich habe noch nie eine Schlägerei mit einem Türsteher gehabt;0
Ich habe noch nie einen Rausschmiss in einem Club bekommen;0
Ich habe noch nie als Jugendlicher vor einem Geschäft gewartet, bis ein Erwachsener kommt, um mir Alkohol zu kaufen.;0
Ich habe noch nie den Wunsch gehabt, älter zu sein.;0
Ich habe noch nie Eifersucht verspürt als ich hörte dass ein Prominenter für den ich schwärme vergeben ist;0
Ich habe noch nie Sex mit einem Arbeitskollegen gehabt.;2
Ich habe noch nie ein Fahrrad gestohlen;0
Ich habe noch nie nach einem Besuch beim Friseur geweint;0
Ich habe noch nie das Erlebnis gehabt, von der Polizei durchsucht werden zu müssen.;0
Ich habe noch nie große Schadenfreude verspürt als ich hörte dass einem anderen etwas sehr schlimmes zugestoßen ist;0
Ich habe noch nie in einem Wutanfall etwas zerstört;0
Ich habe noch nie mich selbst in den Schlaf geweint.;0
Ich habe noch nie einen Partner gehabt dessen Eltern mich nicht leiden konnten;0
Ich habe noch nie einen Partner gehabt dessen Eltern ich nicht leiden konnte;0
Ich habe noch nie eine Waffe abgefeuert.;0
Ich habe noch nie ein anderes Fahrzeug beschädigt und bin dann einfach weiter gefahren;0
Ich habe noch nie darüber nachgedacht, was nach dem Tod passieren wird.;0
Ich habe noch nie Sex gehabt ohne vorher die Schuhe auszuziehen;2
Ich habe noch nie Sex auf dem Küchentisch gehabt;2
Ich habe noch nie beim Sex den Großteil meiner Klamotten angelassen;2
Ich habe noch nie das Haus verlassen ohne Unterwäsche drunter zu ziehen;1
Ich habe noch nie solche Aggressionen gehabt, dass ich jemanden hätte töten können.;0
Ich habe noch nie Sex an einem sehr ungewöhnlichen Ort gehabt;2
Ich habe noch nie jemanden gedated, der eigenartig war.;0
Ich habe noch nie vorgegeben ich sein homosexuell um in Ruhe gelassen zu werden;1
Ich habe noch nie so viel Angst gehabt dass ich am ganzen Körper gezittert habe;0
Ich habe noch nie während eines Dates eine Ausrede benutzt, um das Treffen frühzeitig zu beenden.;0
Ich habe noch nie ein Telefonat von mehr als 5 Stunden geführt;0
Ich habe noch nie das Gefühl gehabt, egoistisch zu sein.;0
Ich habe noch nie einen Abend ohne Freunde oder Bekannte in einem Club verbracht;0
Ich habe noch nie eine Schlange in meinen Händen gehalten.;0
Ich habe noch nie so getan als wäre ich betrunken;0
Ich habe noch nie ein Strip-Lokal von innen gesehen;2
Ich habe noch nie in einem Sexshop eingekauft;2
Ich habe noch nie etwas im Internet bestellt weil ich mich nicht getraut habe es im Laden zu kaufen;1
Ich habe noch nie meinen Freund/meine Freundin betrogen.;1
Ich habe noch nie versucht etwas zu kaufen für das ich mich geschämt habe und bin daher unauffällig durch die Regale geschlendert um nicht aufzufallen;1
Ich habe noch nie für jemanden gestripped;2
Ich habe noch nie jemanden für mich strippen lassen;2
Ich habe noch nie ein sehr peinliches Rollenspiel mitgemacht;2
Ich habe noch nie überlegt, mir ein Tattoo stechen zu lassen.;0
Ich habe noch nie so viel getrunken dass ich beim Sex eingeschlafen bin;1
Ich habe noch nie eine Frage bei einem Trinkspiel falsch beantwortet;0
Ich habe noch nie ein Referat aus dem Internet ausgedruckt und in der Schule/Uni vorgetragen.;0
Ich habe noch nie falsche Angaben gemacht bei der Frage mit wie vielen Leuten ich geschlafen habe.;1
Ich habe noch nie ein Wort gegoogelt, weil ich nicht wusste, wie man es schreibt.;0
Ich habe noch nie ein übles Gerücht über jemanden in die Welt gesetzt;0
Ich habe noch nie Pornofilme bei mir zuhause versteckt;2
Ich habe noch nie versucht Bilder/Videos auf dem Computer zu verstecken;1
Ich habe noch nie Pornohefte gekauft;2
Ich habe noch nie Pornoheft bei mir zuhause versteckt;2
Ich habe noch nie einen Tag ohne Unterwäsche verbracht;1
Ich habe noch nie einen Tag im Pyjama verbracht;0
Ich habe noch nie einen Neujahrsvorsatz tatsächlich eingehalten;0
Ich habe noch nie einen ganzen Arbeitstag im Internet verbracht;0
Ich habe noch nie einen ganzen Tag Computer gespielt;0
Ich habe noch nie 24 Stunden am Stück Fernsehen geschaut;0
Ich habe noch nie einen Film mehr als 15 mal gesehen;0
Ich habe noch nie eine Fotokopie von meinem Gesicht gemacht;0
Ich habe noch nie eine Fotokopie von meinem Hintern gemacht;1
Ich habe noch nie ein Angebot für einen Dreier bekommen;2
Ich habe noch nie bei einem Dreier mitgemacht;2
Ich habe noch nie ein perverses Bild über Snapchat verschickt;2
Ich habe noch nie ein Bild verschickt für das ich mich im Nachhinein schäme;1
Ich habe noch nie betrunken Nachrichten gesendet die ich nüchtern bereuet habe;0
Ich habe noch nie vor einem Flug getrunken um meine Nerven zu beruhigen;0
Ich habe noch nie von meinen Eltern Geld geklaut;0
Ich habe noch nie einen Fan-Brief an einen Promi geschrieben;0
Ich habe noch nie während dem Sex anfangen müssen zu lachen;1
Ich habe noch nie die Unterwäsche meines Partners ausgeliehen;1
Ich habe noch nie über einen Freund gedacht dass seine Eltern bei der Erziehung versagt haben;0
Ich habe noch nie ein Möbelstück beim Sex kaputt gemacht;2
Ich habe noch nie Sex in allen Räumen meiner Wohnung gehabt;1
Ich habe noch nie ein Date mit dem Ex einer Freundin/eines Freundes gehabt;0
Ich habe noch nie hinter dem Kühlschrank sauber gemacht;0
Ich habe noch nie ein Date mit jemandem gehabt den ich über das Internet kennen gelernt habe;0
Ich habe noch nie drei Nächte am Stück durchgefeiert;0
Ich habe noch nie vor dem Spiegel getanzt;0
Ich habe noch nie vor einem Spiegel gesungen;0
Ich habe noch nie so getan als würde ich vor einem Millionenpublikum stehen und singe (o.Ä.);0
Ich habe noch nie Tierfutter probiert;0
Ich habe noch nie als Notfall in einem Krankenwagen gelegen;0
Ich habe noch nie Sex in einem Auto, Zug oder Bus gehabt;2
Ich habe noch nie einen Dildo in meinen Händen gehalten;2
Ich habe noch nie online über Sexspielzeug recherchiert;1
Ich habe noch nie eine Party erst am späten Morgen des Folgetags verlassen;0
Ich habe noch nie so dringend aufs Klo gemusst dass ich es nicht geschafft habe;0
Ich habe noch nie etwas besessen dass ich immer versteckt habe wenn Freunde kamen;0
Ich habe noch nie eine eMail Adresse angelegt die ich nutze wenn ich anonym bleiben will;0
Ich habe noch nie meine Eltern/Geschwister nackt gesehen;0
Ich habe noch nie ein Tier umgebracht;0
Ich habe noch nie jemanden auf der Straße gesehen und so getan als hätte ich ihn nicht gesehen;0
Ich habe noch nie die Minibar eines Hotels geleert;0
Ich habe noch nie versucht an das Passwort einer anderen Person zu kommen;0
Ich habe noch nie eine Kneipenschlägerei gehabt;0
Ich habe noch nie mit jemandem aus einem anderen Land geschlafen;0
Ich habe noch nie während eines Wutanfalls etwas zerstört;0
Ich habe noch nie über meine/n Ex gedacht: Wie konnte ich nur mit ihm/ihr zusammen sein?;0
Ich habe noch nie einen Ladendiebstahl beobachtet;0
Ich habe noch nie mit einer Person geflirtet obwohl ich wusste dass die Person vergeben ist;0
Ich habe noch nie einen Auftritt im Fernsehen gehabt;0
Ich habe noch nie romantische Gefühle für den Partner eines Familienmitglieds gehabt;0
Ich habe noch nie bei Bekannten in den Badezimmerschrank geschaut;0
Ich habe noch nie einen Arzttermin vergessen;0
Ich habe noch nie Kondome gekauft;0
Ich habe noch nie einen Haarschnitt gehabt für den ich mich heute noch schäme;0
Ich habe noch nie Essensreste in meinem Bett gefunden;0
Ich habe noch nie eine Straftat begangen;0
Ich habe noch nie ein und dieselbe Unterwäsche länger als 5 Tage getragen;0
Ich habe noch nie eine Kündigung erhalten;0
Ich habe noch nie jemanden gleichzeitig geliebt und gehasst;0
Ich habe noch nie besoffen ein Geheimnis ausgeplaudert;0
Ich habe noch nie eine Hochzeitsrede gehalten;0
Ich habe noch nie meine Eltern oder Nachbarn beim Sex gehört;1
Ich habe noch nie während des Sex an eine andere Person gedacht;1
Ich habe noch nie während des Sex gähnen müssen;1
Ich habe noch nie in einer Alltagssituation gemerkt dass ich erregt bin und mich dafür geschämt;1
Ich habe noch nie während dem Sex mit Lebensmitteln experimentiert;2
Ich habe noch nie während dem Sex mit Haushaltsgegenständen experimentiert;2
Ich habe noch nie so viel getrunken dass ich bei einer Party rausgeworfen wurde;0
Ich habe noch nie mehr als 2 Wochen am Stück keinen Alkohol angerührt (letzten 2 Jahre);0
Ich habe noch nie mit jemandem geschlafen den ich verleugnen würde;1
Ich habe noch nie ein erotisches Geschenk für meinen Partner gemacht;2
Ich habe noch nie mit jemandem über meine sexuellen Phantasien gesprochen;2
Ich habe noch nie heimlich meinen Ex gestalked;1
Ich habe noch nie gewünscht die Eltern eines Freundes wären meine;0
Ich habe noch nie so viel getrunken dass ich den ganzen nächsten Tag im Bett verbringen musste;0
Ich habe noch nie Sex im Auto gehabt.;2
Ich habe noch nie mehr als 100€ fürs Taxi ausgegeben;0
Ich habe noch nie vergessen dass Feiertag/Wochenende war und bin zur Arbeit/Schule erschienen;0
Ich habe noch nie eine durch Geschlechtsverkehr übertragbare Krankheit gehabt.;1
Ich habe noch nie eine Panne gehabt, weil ich vergessen habe zu tanken;0
Ich habe noch nie so viel getrunken dass ich nur mit fremder Hilfe nach Hause gekommen bin;0
Ich habe noch nie mehrere Stunden am Stück ohne Kleidung verbracht;0
Ich habe noch nie Sex mit mehr als einer Person gleichzeitig gehabt.;2
Ich habe noch nie völlig nackt geschlafen;0
Ich habe noch nie etwas aus einem Hotelzimmer mitgehen lassen;0
Ich habe noch nie an meiner Unterwäsche gerochen nur um zu sehen ob sie noch frisch ist;0
Ich habe noch nie Peitschen und Ähnliches beim Sex benutzt.;2
Ich habe noch nie mit einer deutlich älteren Person geschlafen;2
Ich habe noch nie mit einer deutlich jüngeren Person geschlafen;0
Ich habe noch nie eine vertrauliche SMS/eMail an den falschen Empfänger gesendet;0
Ich habe noch nie jemanden kennen gelernt der schonmal im Gefängnis saß;0
Ich habe noch nie meinen eigenen Namen gegoogelt;0
Ich habe noch nie heimlich das Getränk eines anderen ausgetrunken;0
Ich habe noch nie auf einer Hochzeit gedacht, dass diese Ehe nicht lange halten wird;0
Ich habe noch nie einen Liebesbrief geschrieben;0
Ich habe noch nie ein Liebesgedicht geschrieben;0
Ich habe noch nie bei einem Buch die letzte Zeile zuerst gelesen;0
Ich habe noch nie jemanden geküsst, ohne seinen Namen zu wissen.;0
Ich habe noch nie Sexspielzeug gekauft;2
Ich habe noch nie mit jemandem geschlafen um mich an jemand anderem zu rächen;1
Ich habe noch nie mit jemandem aus meinem Büro geschlafen;2
Ich habe noch nie etwas gegessen obwohl ich wusste dass das Haltbarkeitsdatum abgelaufen ist;0
Ich habe noch nie meinen Partner mit dem Namen meiner/meines Ex angesprochen;0
Ich habe noch nie gleichgeschlechtliche Gefühle gehabt;0
Ich habe noch nie mehr als 3 Monate ohne Sex verbracht (letzten 2 Jahre);0
Ich habe noch nie mit jemandem geschlafen der auch mit meinem besten Freund/meiner besten Freunden geschlafen hat;1
Ich habe noch nie mehr als 200€ an einem Abend ausgegeben;0
Ich habe noch nie in der Öffentlichkeit gekotzt;0
Ich habe noch nie Handschellen am Armgelenk getragen;0
"Ich habe noch nie ""Ich liebe dich"" gesagt obwohl ich es nicht so meinte";0
Ich habe noch nie etwas geschluckt was ich nie wieder freiwillig schlucken würde;0
Ich habe noch nie an den Ohrläppchen meines Partners geleckt;0
Ich habe noch nie Massageöl benutzt;0
Ich habe noch nie ein Date gehabt nur um einer anderen Person weh zu tun;0
Ich habe noch nie das Disneyland besucht.;0
Ich habe noch nie das Etikett eines Kleidungsstücks entfernt weil es eine Billigmarke war;0
Ich habe noch nie etwas auf der Arbeit geklaut;0
Ich habe noch nie Silikonbrüste berührt;0
Ich habe noch nie beim Aufwachen gedacht: Wo bitte bin ich denn hier?;0
Ich habe noch nie während des Sex gefurzt;0
Ich habe noch nie vor einer Menschenmenge Karaoke gesungen.;0
Ich habe noch nie mein erstes Date im Kino verbracht;0
Ich habe noch nie einen handfesten Streit in der Öffentlichkeit gehabt;0
Ich habe noch nie einen Bungee-Sprung gemacht;0
Ich habe noch nie gesagt die Verbindung sei schlecht nur um ein Telefonat zu beendet;0
Ich habe noch nie so getan als hätte ich eine Nachricht nicht gelesen weil ich nicht darauf antworten wollte;0
Ich habe noch nie nach einem Besuch beim Friseur geweint;0
Ich habe noch nie eine Sex-Beziehung zu einer Person gehabt mit der ich nicht zusammen war;1
Ich habe noch nie mit jemandem geschlafen den ich eine Stunde zuvor noch nicht kannte;2
Ich habe noch nie darüber nachgedacht sexuelle Rollenspiele zu machen;2
Ich habe noch nie mit jemandem geschlafen den ich über das Internet kennen gelernt habe;2
Ich habe noch nie etwas im Wert von über 500€ kaputt gemacht oder verlegt;2
Ich habe noch nie in öffentlichen Verkehrsmitteln absichtlich den Platz gewechselt um neben einer attraktiven Person zu sitzen;0
Ich habe noch nie Sex in der Öffentlichkeit gehabt (z.B. öffentliche Toilette);2
Ich habe noch nie Sex in einer Badewanne gehabt;2
Ich habe noch nie bei einem Date bezüglich meiner Alters oder meiner Herkunft gelogen;0
Ich habe noch nie jemandem gesagt dass ich seinen Körper schön finde;0
Ich habe noch nie ein Kompliment über meine Geschlechtsteile bekommen;1
Ich habe noch nie so getan als wäre ich krank nur um nicht mit jemandem schlafen zu müssen;1
Ich habe noch nie ein Angebot für Sex abgelehnt;1
Ich habe noch nie jemanden in einer zweideutigen Situation erwischt was mir im Nachhinein immernoch peinlich ist;0
Ich habe noch nie meinen Partner mit dem Namen eines Ex-Partners angesprochen;0
Ich habe noch nie einen Orgasmus vorgetäuscht;2
Ich habe noch nie nach dem Sex Biss- oder Kratzspuren gehabt;2
Ich habe noch nie mit meinem Partner über alle meine sexuellen Wünsche gesprochen;1
Ich habe noch nie ein Tier auf den Mund geküsst;0
Ich habe noch nie jemanden beim Masturbieren beobachtet;2
Ich habe noch nie beim Masturbieren jemanden zuschauen lassen;2
Ich habe noch nie einen Freund verteidigt auch wenn ich wusste dass er im Unrecht ist;0
Ich habe noch nie für meinen besten Freund/meine beste Freundin gelogen;0
Ich habe noch nie bei einem Doppel-Date mitgemacht nur damit ein Freund/eine Freundin mit ihrem Schwarm ausgehen kann;0
Ich habe noch nie beim Speed-Dating mitgemacht;0
Ich habe noch nie in einem Hotelzimmer den Pornokanal geschaut;2
Ich habe noch nie so laut gestöhnt dass ich Angst hatte jemand anderes könnte es gehört haben;2
Ich habe noch nie jemanden mit sehr unangenehmen Mundgeruch geküsst;1
Ich habe noch nie jemanden beim Sex beobachtet;2
Ich habe noch nie jemandem etwas ekliges in den Briefkasten gesteckt;0
Ich habe noch nie einen Brief eingeworfen und versucht ihn wieder zu bekommen;0
Ich habe noch nie Flaschendrehen mit zweideutigen Aufgaben gespielt;1
Ich habe noch nie Sex im Freien gehabt;2
Ich habe noch nie einen Swingerclub von innen gesehen;2
Ich habe noch nie im Auto ganz laut die Musik aufgedreht und mitgesungen;0
Ich habe noch nie mit anderen Personen zusammen einen Porno gesehen;2
Ich habe noch nie einen Liebesbrief erhalten;0
Ich habe noch nie ein One-Night-Stand gehabt;0
Ich habe noch nie etwas beim Sex getan wobei ich mich total blamiert habe;1
Ich habe noch nie mit jemandem geschlafen obwohl ich eigentlich keine Lust dazu hatte;1
Ich habe noch nie Sex während der Periode gehabt;2
Ich habe noch nie auf einer Party mit jemandem rumgemacht;1
Ich habe noch nie beim Sex Alltagsprobleme diskutiert;1
Ich habe noch nie in öffentlichen Verkehrsmitteln mit jemandem (z.B. meinem Partner) rumgeknutscht;0
Ich habe noch nie das Jugendamt alarmiert;0
Ich habe noch nie körperliches Unwohlsein vorgetäuscht;0
Ich habe noch nie meine Hausaufgaben abgeschrieben;0
Ich habe noch nie bei einer Klausur abgeschrieben;0
Ich habe noch nie eine Klausur geschrieben auf die ich weniger als eine Stunde gelernt hatte;0
Ich habe noch nie an einem Casting teilgenommen;0
Ich habe noch nie jemanden heimlich beobachtet;0
Ich habe noch nie mit jemandem geschlafen der jünger als 16 Jahre alt war;1
Ich habe noch nie ein Verkehrsschild überfahren;0
Ich habe noch nie eine rote Ampel überfahren;0
Ich habe noch nie Strapse oder Lack und Leder getragen;2
Ich habe noch nie mehr als 10 verschiedene Stellungen ausprobiert;2
Ich habe noch nie bei einem einzigen Mal Sex mehr als 5 verschiedene Positionen ausprobiert.;1
Ich habe noch nie mit mehr als einer Person gleichzeitig eine sexuelle Beziehung;2
Ich habe noch nie mit jemandem geknutscht dessen Vornamen ich nicht kannte;1
Ich habe noch nie einen Partner der deutlich unter meinem Niveau war;0
Ich habe noch nie mit meinen Eltern über Verhütung gesprochen;0
Ich habe noch nie Oralsex während dem Autofahren gehabt;2
Ich habe noch nie 2 Wochen ohne einen einzigen Orgasmus verbracht (letzten 2 Jahre);2
Ich habe noch nie reizvolle Unterwäsche getragen;1
Ich habe noch nie versucht mit einem falschen Geldschein zu bezahlen;0
Ich habe noch nie das Handy meines Partner durchstöbert;0
Ich habe noch nie die eMails / Nachrichten meines Partners durchsucht;0
Ich habe noch nie Sex mit einem Vorgesetzen/Lehrer/Ich habe noch nie ;2
Ich habe noch nie um Sex gebettelt;1
Ich habe noch nie versucht den G-Punkt zu finden;2
Ich habe noch nie einem Partner zuliebe etwas unangenehmes, ekliges oder perverses ausprobiert;2
Ich habe noch nie eine Kontaktanzeige aufgegeben oder auf eine geantwortet;0
Ich habe noch nie einen erotischen Traum gehabt den ich niemals in die Tat umsetzen würde;1
Ich habe noch nie beim Aufwachen gedacht: Wer ist das neben mir?;1
Ich habe noch nie bei einer Sex-Hotline angerufen;2
Ich habe noch nie Sexspielzeug von anderen Leuten gefunden;2
Ich habe noch nie etwas gekauft was ich meinem Partner verschwiegen habe weil ich wusste dass er das nicht unterstützt;0
Ich habe noch nie so getan als hätte ich kein Geld mehr weil ich für eine bestimmte Sache kein Geld ausgeben wollte;0
Ich habe noch nie mit einem Ex-Partner geschlafen;1
Ich habe noch nie versaute Sachen gesagt um jemanden scharf zu machen;2
Ich habe noch nie etwas auf jemand anderen geschoben nur um nicht zugeben zu müssen dass ich es gewesen bin;0
Ich habe noch nie wegen eines Sexunfalls ins Krankenhaus gemusst;2
Ich habe noch nie ein ganz besonders außergewöhnliches Sexerlebnis gehabt;2
Ich habe noch nie beim Sex meinem Partner die Dominanz überlassen;2
Ich habe noch nie erotische Bilder oder Kalender aufgehängt;1
Ich habe noch nie jemanden per Oralsex zum Orgasmus gebracht;2
Ich habe noch nie Sex in einem Fahrstuhl;2
Ich habe noch nie ein Geschenk vergessen;0
Ich habe noch nie Bilder meines Ex-Partners ins Internet gestellt;0
Ich habe noch nie einer religiösen Sekte angehört;0
Ich habe noch nie etwas eingenommen um mich sexuell zu stimulieren;1
Ich habe noch nie mit jemandem geschlafen ohne zu verhüten.;1
Ich habe noch nie hunderte Kilometer zurück gelegt nur um einen bestimmten Menschen zu sehen;0
Ich habe noch nie eine Mutprobe mitgemacht;0
Ich habe noch nie einen Partner gehabt der deutlich mehr Sex wollte als ich;2
Ich habe noch nie deutlich mehr Sex gehabt als im Moment;2
Ich habe noch nie etwas deutlich über seinem Wert verkauft;0
Ich habe noch nie etwas unanständiges im Kino getan;1
Ich habe noch nie etwas besonders ekliges gegessen.;0
Ich habe noch nie davon geträumt eine k?rperliche Beziehung mit einem völlig Fremden zu haben.;1
Ich habe noch nie mit anst??igen Gefälligkeiten für etwas bezahlt.;1
"Ich habe noch nie jemandem ""unverbindlichen"" Sex angeboten.";2
Ich habe noch nie einen Partner gehabt für den ich mich geschämt habe.;1
Ich habe noch nie künstliches Gleitmittel benutzt.;2
Ich habe noch nie Sex in einem öffentlichen Schwimmbad / am Strand gehabt.;2
Ich habe noch nie meinen bzw. den Penis meines Partner mit dem Lineal vermessen.;2
Ich habe noch nie jemandem wildfremden auf der Straße geholfen.;0
Ich habe noch nie einen ganzen Tag ohne Kleidung verbracht.;0
Ich habe noch nie einem Partner versaute Kosenamen gegeben.;1
Ich habe noch nie mehr als einmal Sex unmittelbar hintereinander gehabt.;1
Ich habe noch nie nach dem Sex masturbiert weil ich nicht befriedigt war.;2
Ich habe noch nie Fantasien gehabt, für die ich mich schäme.;1
Ich habe noch nie Fantasien gehabt in denen ich gefoltert oder gefesselt wurde.;2
Ich habe noch nie Fesselspielchen gemacht.;2
Ich habe noch nie einen Sex-Ratgeber gelesen.;1
Ich habe noch nie eine Bravo aufgeschlagen nur um den Dr. Sommer Teil zu lesen.;1
Ich habe noch nie einem Partner von Sexerlebnissen mit meinem Ex erzählt.;2
Ich habe noch nie Sex an einem anderen Ort als im Bett gehabt.;1
Ich habe noch nie Sex mit einer Person gehabt mit der ich nicht zusammen war.;1
Ich habe noch nie an einer Wand gelauscht um andere beim Sex zu hören.;1
Ich habe noch nie jemanden an den Füßen stimuliert.;1
Ich habe noch nie mit dem Schluss machen gewartet weil ich noch niemand Neues hatte.;1
Ich habe noch nie meinen eigenen Intimbereich fotografiert.;2
Ich habe noch nie meinem Intimbereich einen Kosenamen gegeben/geben lassen.;1
Ich habe noch nie ein Partyspiel gespielt bei dem es auch ums ausziehen ging.;1
Ich habe noch nie Sex in einer Umkleidekabine gehabt.;2
Ich habe noch nie einen Liebesakt gehabt der länger als eine Stunde gedauert hat.;1
Ich habe noch nie wilden Sex (Quickie ohne Vorspiel) gehabt.;2
Ich habe noch nie telefoniert / gechattet während ich auf dem Klo saß.;0
Ich habe noch nie von Sex mit einem Dienstleister (Klempner, Krankenschwester,Ich habe noch nie ) geträumt.;2
Ich habe noch nie den Multiplayer ausprobiert.;0
Ich habe noch nie an einem FKK Strand gebadet.;1
Ich habe noch nie die Anfrage eines Vorgesetzten auf Facebook ignoriert.;0
Ich habe noch nie per SMS mit jemandem Schluss gemacht.;0
Ich habe noch nie etwas zerstört nur um mich an jemandem zu rächen.;0
Ich habe noch nie eine erotische Massage gegeben oder erhalten.;2
Ich habe noch nie wo anders als zuhause masturbiert.;2
Ich habe noch nie Rosen geschenkt bekommen.;0
Ich habe noch nie in den Spiegel geschaut und gedacht: Wow. Sexy!;1
Ich habe noch nie eine Spam-eMail angeklickt weil ich dachte, dass sie echt ist.;0
Ich habe noch nie eine Fernbeziehung gehabt.;0
Ich habe noch nie eine Beziehung mit einer Person gehabt die ich über das Internet kennen gelernt habe.;0
Ich habe noch nie bei einer Dating-Website ein Profil erstellt.;1
Ich habe noch nie unter einer falschen Identität versucht einen Bekannten/Freund über das Internet zu kontaktieren.;0
Ich habe noch nie hinter seinem Rücken schlecht über meinen Partner gesprochen.;0
Ich habe noch nie heimlich unter dem Tisch Händchen gehalten.;0
Ich habe noch nie gewünscht ich könnte einfach wieder ein kleines Kind sein.;0
Ich habe noch nie mehr als eine halbe Stunde im Internet nach einer bestimmten Person (nicht ich selbst) recherchiert.;0
Ich habe noch nie erst im Zug bemerkt dass ich gar kein Ticket gekauft hatte.;0
Ich habe noch nie einen Schwangerschaftstest gekauft.;1
Ich habe noch nie einen ganzen Tag im Bett verbracht obwohl ich nicht krank war.;0
Ich habe noch nie nachts im Gras gelegen und Sternschnuppen beobachtet.;0
"Ich habe noch nie das Kamasutra ""gelesen"".";2
Ich habe noch nie Sex im Hotel gehabt.;2
Ich habe noch nie eine falsche Identität im Internet benutzt.;0
Ich habe noch nie darüber nachgedacht wie es wohl wäre das andere Geschlecht zu haben.;0
Ich habe noch nie ein romantisches Gedicht für meinen Partner vorgetragen.;0
Ich habe noch nie in der Sauna andere Leute beobachtet.;1
Ich habe noch nie mich selbst gestreichelt und mir vorgestellt es sei jemand anderes.;1
Ich habe noch nie überlegt ein Bordell zu besuchen.;2
Ich habe noch nie eine Beziehung gehabt obwohl ich immer im Hinterkopf hatte: heiraten werde ich ihn/sie auf keinen Fall!;0
Ich habe noch nie etwas besser gekonnt als alle meine Freunde.;0
Ich habe noch nie erotische Unterw?sche getragen.;1
Ich habe noch nie nackt ein Auto gefahren.;1
Ich habe noch nie für eine deutlich jüngere Person geschwärmt.;0
Ich habe noch nie für eine deutlich ältere Person geschwärmt.;0
Ich habe noch nie einen Lehrer/Vorgesetzten nackt vorgestellt.;1
Ich habe noch nie nackt vor dem Computer gesessen.;1
Ich habe noch nie ausgenutzt dass jemand total betrunken war.;0
Ich habe noch nie im Internet nach Nacktfotos eines Prominenten gesucht.;1
Ich habe noch nie eine Stellung aus dem Kamasutra ausprobiert.;2
Ich habe noch nie mit jemandem geschlafen den ich eigentlich nicht attraktiv fand.;1
Ich habe noch nie meine Unterwäsche irgendwo verloren oder vergessen.;1
Ich habe noch nie Telefonsex gehabt.;2
Ich habe noch nie ein Onlinespiel gespielt.;0
Ich habe noch nie einen Knutschfleck gehabt.;1
Ich habe noch nie mit jemandem über intime Details meines Sexlebens gesprochen (nicht meinem Freund/meiner Freundin).;1
Ich habe noch nie einen Partner gehabt der mich nicht ausreichend sexuell befriedigt hat.;2
Ich habe noch nie gemeinsam mit einer anderen Person geduscht oder gebadet.;1
Ich habe noch nie sexuelle Wünsche / Fantasien gehabt die ich mich nicht getraut habe mit meinem Partner zu besprechen.;1
Ich habe noch nie eine Beziehung zu einer Person gehabt die maßgeblich auf Sex basiert hat.;1
Ich habe noch nie mit jemandem geschlafen während ich ziemlich betrunken war.;1
Ich habe noch nie mit jemandem geschlafen mit dem ich im Nachhinein lieber nicht geschlafen hätte.;1
Ich habe noch nie nach dem Sex das Gefühl gehabt nicht richtig befriedigt zu sein;2
Ich habe noch nie meinen Partner mit der Hand stimuliert.;2
Ich habe noch nie Sexspielzeug besessen.;2
Ich habe noch nie Selbstgespräche geführt.;0
Ich habe noch nie unter der Dusche gesungen.;0
Ich habe noch nie nackt in einem See / Meer gebadet.;1
Ich habe noch nie mit einem Kuscheltier geredet.;0
Ich habe noch nie länger als 3 Tage nicht geduscht.;0
Ich habe noch nie im Stehen gepinkelt.;1
Ich habe noch nie den Namen eines Ex-Partners vergessen.;0
Ich habe noch nie eine Beziehung mit einer Person mit der ich früher mal zusammen war geleugnet.;0
Ich habe noch nie eine Person in der Öffentlichkeit angesprochen einfach weil ich sie attraktiv fand.;1
Ich habe noch nie essbare Unterwäsche benutzt.;0
Ich habe noch nie einen Partner gehabt für den ich Dinge ausprobiert habe die ich eigentlich nie machen wollte.;1
Ich habe noch nie überlegt in ein SM- / Bondage Studio zu gehen.;2
Ich habe noch nie noch beim ersten Date mit jemandem geschlafen.;1
Ich habe noch nie Sex gehabt ohne zu verhüten.;1
Ich habe noch nie beim Oralsex verhütet (wegen Geschlechtskrankheiten).;2
Ich habe noch nie davon geträumt einen Klassenkameraden / Kommilitonen / Kollegen nackt zu sehen.;1
Ich habe noch nie andere Leute (Freunde, Kollegen, Bekannte) beim Sex vorgestellt.;2
Ich habe noch nie Eifersucht verspürt, weil andere ein spannenderes Liebesleben haben als ich.;1
Ich habe noch nie über die Vergrößerung meiner Geschlechtsorgane nachgedacht.;2
Ich habe noch nie einen Partner gehabt, der in Sachen Sex nicht so offen war wie ich.;1
Ich habe noch nie einen Partner gehabt, der in Sachen Sex deutlich offener war als ich.;1
Ich habe noch nie über einen Partnertausch nachgedacht.;2
Ich habe noch nie beim Sex die Dominanz übernommen.;2
Ich habe noch nie jemandem ein Kompliment über seine Geschlechtsteile gemacht.;1
Ich habe noch nie Fotos / Videos während dem Sex gemacht.;2
Ich habe noch nie gesagt bekommen ich sei gut im Bett.;2
Ich habe noch nie im Schwimmbad unter Wasser gefummelt.;2
"Ich habe noch nie eine Stellung ""im Stehen"" ausprobiert.";2
"Ich habe noch nie ""Hilfsmittel"" beim Sex eingesetzt (Penisringe, Vibratoren,Ich habe noch nie ).";2
Ich habe noch nie nackt oder zumindest halbnackt vor eine Webcam gesessen.;1
Ich habe noch nie für erotisches Material bezahlt (Live-Cams, Pornohefte, Videos, etc).;1
Ich habe noch nie für erotische Dienstleistungen bezahlt.;2
Ich habe noch nie nach Nacktfotos einer bestimmten Person im Internet gesucht.;1
Ich habe noch nie davon geträumt an einem außergewöhnlichen Ort Sex zu haben.;2
Ich habe noch nie von einem Partner ein erotisches Geschenk erhalten.;1
Ich habe noch nie versucht 2e Geheimnisse über einen Freund herauszubekommen.;1
Ich habe noch nie fantasiert, wie bestimmte Leute wohl beim Sex aussehen.;1
Ich habe noch nie beim Sex oder der Masturbation gestöhnt.;2
Ich habe noch nie davon geträumt beherrscht oder dominiert zu werden.;2
"Ich habe noch nie gedacht: ""Wenn er/sie mich jetzt anspricht würde ich noch auf einen Kaffee mit rein kommen""";0
Ich habe noch nie darauf gewartet dass mich jemand anspricht, weil ich mich selbst nicht getraut habe.;0
Ich habe noch nie eine Beziehung gehabt die ich im Nachhinein bereue.;0
Ich habe noch nie eine Person geküsst die das gleiche Geschlecht hat wie ich.;1
Ich habe noch nie einen Partner gehabt bei dem ich Angst hatte ihn meinem Eltern vorzustellen.;0
"Ich habe noch nie Verhütungsmittel mitgeführt: ""Nur für den Fall"".";0
"Ich habe noch nie den Sex ""ausfallen"" lassen weil keine Verhütungsmittel zur Hand waren.";2
Ich habe noch nie einen romantischen Abend mit Kerzen, Rosen usw verbracht.;1
Ich habe noch nie eine Badeessenz für romantische Abende zu zweit benutzt.;1
Ich habe noch nie nach dem Aufwachen gedacht: Was ist gestern Abend eigentlich noch passiert?;0
Ich habe noch nie mehrere Orgasmen relativ unmittelbar nacheinander gehabt.;2
Ich habe noch nie meinem Partner Frühstück ans Bett gebracht.;0
Ich habe noch nie ein Buch gelesen das mich richtig angeturnt hat (z.B. Fifty Shades of Grey).;1
Ich habe noch nie eine Party besucht mit der Absicht heute bloß nicht alleine nach Hause zu gehen.;2
Ich habe noch nie das Gefühl gehabt mit meinem Körper komplett zufrieden zu sein.;1
Ich habe noch nie Lust gehabt, mit einem der anwesenden Spielern zu schlafen.;2
Ich habe noch nie auf einer Party Sex gehabt.;2
Ich habe noch nie einen ganzen Tag lang geweint.;0
Ich habe noch nie mich selbst berührt.;2
Ich habe noch nie einen H?hepunkt gehabt.;1
Ich habe noch nie die Klamotten von jemand anderem versteckt.;0
Ich habe noch nie einen guten Freund /eine gute Freunden gehabt mit dem/der ich über intime Angelegenheiten gesprochen habe.;0
Ich habe noch nie Natursekt-Spielchen (Urin) ausprobiert.;2
Ich habe noch nie gemeinsam mit einem Partner geduscht oder gebadet.;1
Ich habe noch nie für Sex bezahlt.;2
Ich habe noch nie einen Spiegel benutzt, um meine Intimzonen genauer zu betrachten.;2
Ich habe noch nie Sex gehabt bei dem ich mich über einen Spiegel im Raum selbst beobachten konnte.;2
Ich habe noch nie Sex gehabt bei dem ich nicht zum Orgasmus gekommen bin.;2
Ich habe noch nie mit meinem Partner zusammen erotische Filme oder Bilder angeschaut.;2
Ich habe noch nie Nacktbilder von mir über das Internet verschickt.;2
Ich habe noch nie das Gefühl gehabt dem biologisch benachteiligtem Geschlecht anzugehören.;0
Ich habe noch nie intime Details über einen meiner Ex-Partner ausgeplaudert.;1
Ich habe noch nie jemandem einfach so auf den Hintern gehauen (nicht mein Freund/meine Freundin).;1
Ich habe noch nie jemanden über eine Datingseite im Internet kennen gelernt.;0
Ich habe noch nie Cybersex ausprobiert.;2
Ich habe noch nie wegen Sex Muskelkater gehabt.;2
Ich habe noch nie jemanden beim Pornos schauen erwischt.;2
Ich habe noch nie Pornos geschaut und jemand kam rein.;2
Ich habe noch nie mit zwei Leuten am selben Tag geschlafen.;2
Ich habe noch nie einen Geschlechtsakt gehabt, der länger als drei Stunden gedauert hat.;2
Ich habe noch nie das Gefühl gehabt mich einem Partner voll und ganz hingeben zu wollen.;1
"Ich habe noch nie ""spontanen"" Sex gehabt, obwohl ich bereits spät dran war.";2
Ich habe noch nie mit jemandem geflirtet mit dem ich keine Beziehung, sondern bloß Sex wollte.;1
Ich habe noch nie mehr als drei Orgasmen an einem Tag gehabt.;2
Ich habe noch nie überlegt ob ein Freund/eine Freundin wohl mit mir schlafen wollen würde.;1
Ich habe noch nie halb nackt die Türe für jemanden geöffnet (z.B. Postbote).;0
Ich habe noch nie in den persönlichen Dateien auf einem fremden Computer gestöbert.;0
Ich habe noch nie jemanden einen geblasen.;2
Ich habe noch nie aus einem Teller Wein getrunken.;0
Ich habe noch nie Sex auf einem Baum gehabt.;2
Ich habe noch nie in einer Vorlesung/Unterrichtsstunde geschlafen.;0
Ich habe noch nie einen Penis in der Hand gehalten.;2
Ich habe noch nie auf jemanden uriniert.;2
Ich habe noch nie ein Mädchen geküsst.;0
Ich habe noch nie etwas mit einer Person angefangen, die zu diesem Zeitpunkt in einer Beziehung war.;0
Ich habe noch nie so viel getrunken, dass ich mich ?bergeben musste.;0
Ich habe noch nie eine Eifersuchtsszene geschoben.;0
Ich habe noch nie eine Frau oral befriedigt (lecken).;2
"Ich habe noch nie bei ""Wahrheit oder Pflicht"" eine peinliche Pflicht ausführen müssen.";0
Ich habe noch nie eine Sucht nach etwas entwickelt.;0
Ich habe noch nie peinliche Rechtschreibfehler gemacht.;0
Ich habe noch nie einen erfolgreichen Versuch unternommen, abzunehmen.;0
Ich habe noch nie eine so massive Wut entwickelt, dass ich jemanden lauthals anschreien musste.;0
Ich habe noch nie mit einer elektrischen Zahnbürste onaniert.;2
Ich habe noch nie etwas verloren weil ich so betrunken war.;0
Ich habe noch nie einen Knochenbruch gehabt.;0
Ich habe noch nie so viel getrunken das ich mich an einiges nichtmehr erinnern kann.;0
Ich habe noch nie vor lachen geweint.;0
Ich habe noch nie Herzschmerz gehabt.;0
Ich habe noch nie etwas nur aus Höflichkeit gegessen, obwohl es in Wahrheit nicht schmeckte.;0
Ich habe noch nie bei diesem Spiel etwas neues über einen Mitspieler erfahren, was ich nicht von ihm/ihr erwartet hatte.;0
Ich habe noch nie mit dem besten Freund/ der besten Freundin meines Ex Partners was gehabt.;1
Ich habe noch nie ein Konzert besucht.;0
Ich habe noch nie einen wichtigen Termin verschlafen.;0
Ich habe noch nie ein Buch für die Schule komplett durchgelesen.;0
Ich habe noch nie darüber nachgedacht eine Beziehung zu beenden.;0
Ich habe noch nie ein Möbelstück selbst aufgebaut.;0
Ich habe noch nie bei einem Film geweint.;0
Ich habe noch nie jemandem im Urlaub kennengelernt und weiterhin Kontakt gehalten.;0
Ich habe noch nie versucht jemandem den Partner auszuspannen.;1
Ich habe noch nie mein Handy in die Toilette fallen lassen.;0
Ich habe noch nie meine Führerscheinprüfung (Theorie und/oder Praxis) wiederholen müssen.;0
"Ich habe noch nie zum ""Idiotentest"" (Führerschein) gehen müssen.";0
Ich habe noch nie etwas wertvolles kaputt gemacht.;0
Ich habe noch nie vergessen meine Pille zu nehmen.;0
Ich habe noch nie mit meinem Haustier gekuschelt.;0
Ich habe noch nie mich so sehr blamiert das ich mich bis heute dafür schäme.;0
Ich habe noch nie eine Entscheidung getroffen, die ich schon unmittelbar danach bereut habe.;0
Ich habe noch nie gehofft bei dem Spiel nicht als einziger trinken zu müssen.;0
Ich habe noch nie mich selbst für etwas belohnt.;0
Ich habe noch nie eine Brille getragen.;0
Ich habe noch nie bezüglich meines Gewichts um bis zu 20kg gelogen.;0
Ich habe noch nie meine Eltern belogen!;0
Ich habe noch nie ein Versprechen gebrochen.;0
Ich habe noch nie eine wichtige Prüfung nicht bestanden.;0
Ich habe noch nie ein Haustier gehabt.;0
Ich habe noch nie meinen Partner ausgezogen.;1
Ich habe noch nie mit jemandem zusammen geduscht.;2
Ich habe noch nie bei diesem Spiel als einziger nicht getrunken.;0
Ich habe noch nie bei diesem Spiel als einziger trinken m?ssen.;0
Ich habe noch nie gegen das andere Geschlecht bei einem Trinkspiel gewonnen.;0
Ich habe noch nie Sperma geschluckt.;2
Ich habe noch nie Analsex gehabt.;2
Ich habe noch nie im Wald einen geblasen bekommen.;2
Ich habe noch nie in der Uni / Schule Sex gehabt.;1
Ich habe noch nie Lebensmittel beim Sex benutzt.;2
Ich habe noch nie Popel gegessen.;0
Ich habe noch nie mit einer fremden Zahnbürste meine Zähne gebürstet.;0
Ich habe noch nie aus Versehen im Kino aus dem falschen Glas getrunken oder vom falschen Popkorn gegessen.;0
Ich habe noch nie meine(n) Ex in der Stadt verfolgt.;0
Ich habe noch nie einen Erotik Roman gelesen.;0
Ich habe noch nie im Schlaf gesabbert.;0
Ich habe noch nie im Schlaf geredet.;0
Ich habe noch nie Sex im Freien gehabt und bin dabei erwischt worden.;0
Ich habe noch nie String-Tangas getragen.;0
Ich habe noch nie eine Person geküsst, die hier im Raum ist.;0
Ich habe noch nie so getan als würde ich schlafen nur um nicht mit der Person schlafen zu müssen.;1
Ich habe noch nie so getan die Pille nicht genommen zu haben um dem Sex zu entgehen.;1
Ich habe noch nie mich alleine betrunken.;0
Ich habe noch nie auf der Arbeit Alkohol getrunken.;0
Ich habe noch nie mir einen meiner jetzigen Mitspieler nackt vorgestellt.;1
Ich habe noch nie Sex gehabt und ein Freund kam in den Raum.;1
Ich habe noch nie was mit einem Austausschüler / einer Austausschülerin gehabt.;1
Ich habe noch nie mit jemandem geschlafen, den ich im Urlaub kennengelernt habe.;1
Ich habe noch nie vegan gelebt.;0
Ich habe noch nie erlebt, dass mich ein Freund meines Partners angemacht hat.;0
Ich habe noch nie ins Bett gekotzt.;0
Ich habe noch nie auf einer Party geweint.;0
Ich habe noch nie tagsüber im Meer Sex gehabt.;0
Ich habe noch nie Sex auf einer Strandliege gehabt.;0
Ich habe noch nie bei diesem Spiel gelogen, weil mein Partner anwesend war.;0
Ich habe noch nie wegen eines Katers auf der Arbeit kotzen müssen.;0
Ich habe noch nie meinen Intimbereich rasiert.;1
Ich habe noch nie eine Intim-Frisur gehabt für die ich mich geschämt habe.;2
Ich habe noch nie darüber nachgedacht mir Sexspielzeug zu kaufen.;2
Ich habe noch nie Liebeskugeln verwendet-;2
Ich habe noch nie während dem Telefonieren masturbiert.;2
Ich habe noch nie Sex gehabt, während mich ein Haustier beobachtet hat.;1
Ich habe noch nie darauf gewartet dass jemand anders den ersten Schritt macht.;0
Ich habe noch nie darauf gewartet, dass endlich jemand vorschlägt nackt weiter zu spielen.;2
Ich habe noch nie Wahrheit oder Pflicht gespielt.;0
Ich habe noch nie mehr als 5 mal an einem Tag masturbiert.;2
Ich habe noch nie mehr als 3 mal Sex gehabt - an einem einzigen Tag.;2
Ich habe noch nie in einer Woche jeden Tag mindestens einmal Sex gehabt.;1
Ich habe noch nie gehofft, mein Partner wäre etwas offener in Sachen Sex.;1
Ich habe noch nie eine Beziehung beendet weil der Sex nicht gut genug war.;1
Ich habe noch nie mit jemandem geflirtet, obwohl ich in einer Beziehung war.;0
Ich habe noch nie Sex gehabt während der Fernseher noch lief.;1
Ich habe noch nie Sexspielzeuge gemeinsam mit meinem Partner benutzt.;2
Ich habe noch nie meinem Partner erotische Texte geschrieben um ihn anzumachen.;1
Ich habe noch nie mit meinem Partner offen über Masturbation gesprochen.;2
Ich habe noch nie einen Tampon in der Nase stecken gehabt.;0
Ich habe noch nie Sex in der Küche gehabt.;1
Ich habe noch nie Sex auf dem Schreibtisch gehabt.;1
"Ich habe noch nie vor einer größeren Gruppe ""blank"" gezogen.";1
Ich habe noch nie den Intimbereich eines Freundes / einer Freundin (gleiches Geschlecht) berührt.;1
Ich habe noch nie noch vor dem Frühstück Geschlechtsverkehr gehabt.;1
Ich habe noch nie gesagt bekommen ich sei zu schnell gekommen.;2
Ich habe noch nie für jemanden gekocht.;0
Ich habe noch nie Sex in einem Schlafsack gehabt.;1
Ich habe noch nie zugeben müssen, dass ich noch Jungfrau bin.;0
Ich habe noch nie eine versaute App auf dem Smartphone gehabt.;0
Ich habe noch nie Geld oder Geschenke für sexuelle Dienste erhalten.;2
Ich habe noch nie Bodypainting gemacht.;0
Ich habe noch nie ein Tier gemobbt.;0
Ich habe noch nie gepopelt und es dann gegessen.;0
Ich habe noch nie geniest und die Hand an jemand anderem abgewischt.;0
Ich habe noch nie einen Porno geguckt.;2
Ich habe noch nie auf meine beste/n Freund/in gestanden.;0
Ich habe noch nie einen Autounfall gehabt.;0
Ich habe noch nie Gruppensex gehabt.;2
Ich habe noch nie mit meinem Partner geschlafen, nur weil er es wollte.;1
Ich habe noch nie beim Rummachen mit meinem Partner an jemand anderen gedacht.;1
Ich habe noch nie Sex im Schwimmbad gehabt.;1
Ich habe noch nie ohne Verhütung mit jemand fremden geschlafen.;1
Ich habe noch nie mit meinem Partner ohne Verhütung geschlafen.;1
Ich habe noch nie einen Schwangerschaftstest gemacht.;1
Ich habe noch nie etwas aus dem Supermarkt gestohlen.;0
Ich habe noch nie im Club rumgemacht.;1
Ich habe noch nie im Club einen geblasen bekommen / jemandem einen geblasen.;2
Ich habe noch nie bei einer Hausparty etwas kaputt gemacht.;0
Ich habe noch nie Sex an meinem Arbeitsplatz gehabt.;1
Ich habe noch nie wegen zu viel Alkohol mit einem Fremden rumgemacht.;1
Ich habe noch nie ich habe noch nie getrunken.;0
Ich habe noch nie Sex an einem Öffentlichen Ort gehabt.;2
Ich habe noch nie Sex gehabt.;1
Ich habe noch nie den Freund / die Freundin meiner besten Freundin / meines besten Freundes geküsst.;0
Ich habe noch nie in eine Flasche gepinkelt.;0
Ich habe noch nie beim Sex meinen Freund oder Freundin angekotzt.;2
Ich habe noch nie Ananassaft getrunken, damit das Sperma besser schmeckt.;2
Ich habe noch nie mich in meine beste Freundin/besten Freund verliebt.;0
Ich habe noch nie in einem Club mit mehr als Personen rumgemacht.;0
Ich habe noch nie nach einem Horrorfilm das ganze Haus abgesucht.;0
Ich habe noch nie daran gedacht auszuwandern.;0
Ich habe noch nie jemanden aufgrund seines Aussehens ausgelacht.;0
Ich habe noch nie Unterwäsche vom anderen Geschlecht getragen.;0
Ich habe noch nie versucht betrunken auf einen Baum zu klettern.;0
Ich habe noch nie an meinen Nägeln gekaut.;0
Ich habe noch nie verschlafen.;0
Ich habe noch nie Socken zweimal hintereinander angezogen.;0
Ich habe noch nie Erbrochenes weggemacht.;0
Ich habe noch nie einen Pickel ausgedrückt.;0
Ich habe noch nie mehr als 10 Minuten auf der Toilette verbracht.;0
Ich habe noch nie meinen Ausweis verloren.;0
Ich habe noch nie einen Penis gesehen.;0
Ich habe noch nie meinen Partner beim Sex verletzt.;1
Ich habe noch nie im Club Sex gehabt.;0
Ich habe noch nie in einem Bett mit mehr als einer nackten Person gelegen.;0
Ich habe noch nie meinen besten Freund geküsst.;0
Ich habe noch nie versucht meinen Ellbogen zu lecken.;0
Ich habe noch nie bei diesem Spiel gelogen.;0
Ich habe noch nie mein Handy verloren.;0
Ich habe noch nie ein hormonelles Verhütungsmittel zu mir genommen.;0
Ich habe noch nie einer Person gesagt das ich sie liebe.;0
Ich habe noch nie jemandem zum Geschlechtsverkehr gezwungen.;1
Ich habe noch nie davon getr?umt, ein Charakter aus einem Buch/Film zu sein.;0
Ich habe noch nie heimlich den Alkohol meiner Eltern getrunken.;0
Ich habe noch nie eine Erektion gesehen.;0
Ich habe noch nie bei einem Film geweint.;0
Ich habe noch nie ein Kondom in der Hand gehabt.;0
Ich habe noch nie nackt im Meer/See gebadet.;0
Ich habe noch nie nach dem Sport nicht geduscht.;0
Ich habe noch nie mehr als 3 Stellungen bei einem Akt ausprobiert.;1
Ich habe noch nie Geschlechtsverkehr im Flugzeug gehabt.;2
Ich habe noch nie nie Sex auf einem Trampolin gehabt.;2
Ich habe noch nie versucht mit meinem Partner einen Porno nachzuspielen.;2
Ich habe noch nie in einem Parkhaus sexuelle Aktivitäten vollzogen.;1
Ich habe noch nie die Eltern einer Freundin/eines Freundes beim Sex gehört.;1
Ich habe noch nie Sex während einer Party gehabt.;1
Ich habe noch nie mit zwei oder mehreren Personen an einem Abend rumgerknutscht.;0
Ich habe noch nie mit jemanden rumgemacht, der in einer festen Beziehung war.;0
Ich habe noch nie Obst oder Gemüse als Sexspielzeug benutzt.;2
Ich habe noch nie die Sachen meines Partners angezogen.;0
Ich habe noch nie ein befreundetes Pärchen gefragt ob sie einen Vierer machen wollen.;2
Ich habe noch nie die Polizei um Hilfe gebeten.;0
Ich habe noch nie eine Freundschaft mit gewissen Vorzügen geführt.;1
Ich habe noch nie meinem Partner Anweisungen im Bett gegeben.;1
Ich habe noch nie im Wald masturbiert.;2
Ich habe noch nie Sex auf einer Waschmaschine gehabt.;1
Ich habe noch nie auf der Toilette telefoniert.;0
Ich habe noch nie geraucht.;0
Ich habe noch nie an einem anderen Ort als im Bett Sex gehabt.;1
Ich habe noch nie eine schlechte Schulnote vor meinen Eltern verheimlicht.;0
Ich habe noch nie mit meinen Eltern über meine Sexualität gesprochen.;0
Ich habe noch nie die Pille danach genommen.;1
Ich habe noch nie eine Zimmerpflanze vertrocknen lassen.;0
Ich habe noch nie ein Selfie gemacht.;0
Ich habe noch nie einen meiner Mitspieler nackt gesehen.;1
Ich habe noch nie Sex mit einer Person gehabt, die nicht meinem Typus entsprach, nur um Sex zu haben.;2
Ich habe noch nie jemanden ausgezogen während er schlief.;1
Ich habe noch nie mit jemandem Schluss gemacht.;0
Ich habe noch nie Gefühle für eine Person aus meiner Klasse gehabt.;0
Ich habe noch nie versucht vor der Polizei wegzulaufen.;0
Ich habe noch nie in der Dusche gesungen.;0
Ich habe noch nie nachts nackt gebadet.;0
Ich habe noch nie nachts in einem Fluss gebadet.;0
Ich habe noch nie mehr als 3 Tage im Krankenhaus verbracht.;0
Ich habe noch nie den Freund einer meiner Freundeninnen geliebt.;0
Ich habe noch nie im Bikini Autos gewaschen.;0
Ich habe noch nie eine Sex-Beziehung geführt.;1
Ich habe noch nie einen Sextraum gehabt.;1
Ich habe noch nie eine Bong geraucht.;0
Ich habe noch nie jemandem einen runtergeholt.;0
Ich habe noch nie meinem Partner mehr als 4 Orgasmen während eines Liebesaktes bereitet.;2
Ich habe noch nie Sex vor anderen Menschen gehabt.;2
Ich habe noch nie dar?ber nachgedacht, wie einer der Mitspieler nackt aussieht.;1
Ich habe noch nie mit jemandem geschlafen um an jemand anderen heran zukommen.;0
Ich habe noch nie einen Tanga getragen.;0
Ich habe noch nie eine Straftat begangen.;0
Ich habe noch nie das Bedürfnis gehabt einen Menschen zu töten.;0
Ich habe noch nie Urlaub mit Freunden gemacht.;0
Ich habe noch nie meine Eltern beleidigt.;0
Ich habe noch nie etwas mit jemanden in diesem Raum gehabt.;0
Ich habe noch nie Sex in oder an einem See gehabt.;2
Ich habe noch nie in einem Flugzeug gesessen.;0
Ich habe noch nie an einer Ferienfreizeit teilgenommen.;0
Ich habe noch nie jemanden nach seiner Nummer gefragt.;0
Ich habe noch nie einen Baum umarmt.;0
Ich habe noch nie einen Vorschlag für die App abgeschickt.;0
Ich habe noch nie mit jemandem aus meinem Freundeskreis Sex gehabt.;0
Ich habe noch nie Krokodilfleisch gegessen.;0
Ich habe noch nie meinem Partner etwas verheimlicht.;0
Ich habe noch nie Handschellen beim Sex benutzt;0
Ich habe noch nie einen Vorgesetzten/Lehrer/Chef so laut beleidigt, dass er es gehört hat.;0
Ich habe noch nie mit meiner besten Freundin rumgemacht;0
Ich habe noch nie etwas aus dem Bauchnabel eines anderen getrunken.;0
Ich habe noch nie eine Glatze gehabt.;0
Ich habe noch nie eine Beziehung gehabt, die kürzer als 2 Wochen andauerte.;0
